-- phpMyAdmin SQL Dump
-- version 5.1.1
-- https://www.phpmyadmin.net/
--
-- Host: 127.0.0.1
-- Generation Time: Oct 31, 2022 at 07:43 PM
-- Server version: 10.4.22-MariaDB
-- PHP Version: 8.1.1

SET SQL_MODE = "NO_AUTO_VALUE_ON_ZERO";
START TRANSACTION;
SET time_zone = "+00:00";


/*!40101 SET @OLD_CHARACTER_SET_CLIENT=@@CHARACTER_SET_CLIENT */;
/*!40101 SET @OLD_CHARACTER_SET_RESULTS=@@CHARACTER_SET_RESULTS */;
/*!40101 SET @OLD_COLLATION_CONNECTION=@@COLLATION_CONNECTION */;
/*!40101 SET NAMES utf8mb4 */;

--
-- Database: `grobogan`
--

-- --------------------------------------------------------

--
-- Table structure for table `kritik`
--

CREATE TABLE `kritik` (
  `id` int(11) NOT NULL,
  `email` varchar(40) NOT NULL,
  `nama_depan` varchar(40) NOT NULL,
  `nama_belakang` varchar(40) NOT NULL,
  `content` text NOT NULL,
  `status` int(11) NOT NULL
) ENGINE=InnoDB DEFAULT CHARSET=latin1;

-- --------------------------------------------------------

--
-- Table structure for table `meta_grup`
--

CREATE TABLE `meta_grup` (
  `id` int(11) NOT NULL,
  `value` varchar(60) NOT NULL,
  `meta` text NOT NULL,
  `active` int(11) NOT NULL DEFAULT 1
) ENGINE=InnoDB DEFAULT CHARSET=latin1;

--
-- Dumping data for table `meta_grup`
--

INSERT INTO `meta_grup` (`id`, `value`, `meta`, `active`) VALUES
(1, 'Ekonomi Kreatif', '', 1),
(2, 'Jenis usaha', '', 1),
(3, 'Kategori Usaha', '', 1),
(4, 'Berita', '', 1),
(5, 'Lokasi', '', 1);

-- --------------------------------------------------------

--
-- Table structure for table `meta_grup_sub`
--

CREATE TABLE `meta_grup_sub` (
  `id` int(11) NOT NULL,
  `grup` int(11) NOT NULL,
  `url` varchar(30) DEFAULT NULL,
  `value` varchar(60) NOT NULL,
  `meta` text NOT NULL,
  `active` int(11) NOT NULL DEFAULT 1
) ENGINE=InnoDB DEFAULT CHARSET=latin1;

--
-- Dumping data for table `meta_grup_sub`
--

INSERT INTO `meta_grup_sub` (`id`, `grup`, `url`, `value`, `meta`, `active`) VALUES
(1, 2, NULL, 'Perorangan', '', 1),
(2, 2, NULL, 'Komunitas', '', 1),
(3, 3, NULL, 'Produksi', '', 1),
(4, 3, NULL, 'Jasa', '', 1),
(5, 1, 'kuliner', 'Kuliner', 'a:2:{s:4:\"name\";s:7:\"Kuliner\";s:4:\"icon\";s:14:\"restaurant.png\";}', 1),
(6, 1, 'kriya', 'Kriya', 'a:2:{s:4:\"name\";s:5:\"Kriya\";s:4:\"icon\";s:11:\"origami.png\";}', 1),
(7, 1, 'fashion', 'Fashion', 'a:2:{s:4:\"name\";s:7:\"Fashion\";s:4:\"icon\";s:11:\"t-shirt.png\";}', 1),
(8, 1, 'app', 'Aplikasi', 'a:2:{s:4:\"name\";s:8:\"Aplikasi\";s:4:\"icon\";s:19:\"web-development.png\";}', 1),
(9, 1, 'arsitektur', 'Arsitektur', 'a:2:{s:4:\"name\";s:10:\"Arsitektur\";s:4:\"icon\";s:16:\"architecture.png\";}', 1),
(10, 1, 'desain-interior', 'Desain Interior', 'a:2:{s:4:\"name\";s:15:\"Desain Interior\";s:4:\"icon\";s:15:\"living-room.png\";}', 1),
(11, 1, 'desain-kom-visual', 'Desain Komunikasi Visual', 'a:2:{s:4:\"name\";s:24:\"Desain Komunikasi Visual\";s:4:\"icon\";s:9:\"sight.png\";}', 1),
(12, 1, 'desain-produk', 'Desain produk', 'a:2:{s:4:\"name\";s:13:\"Desain produk\";s:4:\"icon\";s:14:\"stationery.png\";}', 1),
(13, 1, 'film-animasi-video', 'Film, Animasi & Video', 'a:2:{s:4:\"name\";s:21:\"Film, Animasi & Video\";s:4:\"icon\";s:16:\"clapperboard.png\";}', 1),
(14, 1, 'fotografi', 'Fotografi', 'a:2:{s:4:\"name\";s:9:\"Fotografi\";s:4:\"icon\";s:16:\"photo-camera.png\";}', 1),
(15, 1, 'musik', 'Musik', 'a:2:{s:4:\"name\";s:5:\"Musik\";s:4:\"icon\";s:9:\"music.png\";}', 1),
(16, 1, 'penerbitan', 'Penerbitan', 'a:2:{s:4:\"name\";s:10:\"Penerbitan\";s:4:\"icon\";s:8:\"book.png\";}', 1),
(17, 1, 'periklanan', 'Periklanan', 'a:2:{s:4:\"name\";s:10:\"Periklanan\";s:4:\"icon\";s:13:\"megaphone.png\";}', 1),
(18, 1, 'seni-pertunjukan', 'Seni Pertunjukan', 'a:2:{s:4:\"name\";s:16:\"Seni Pertunjukan\";s:4:\"icon\";s:8:\"mask.png\";}', 1),
(19, 1, 'seni-rupa', 'Seni Rupa', 'a:2:{s:4:\"name\";s:9:\"Seni Rupa\";s:4:\"icon\";s:15:\"art-palette.png\";}', 1),
(20, 1, 'tv-radio', 'Televisi & Radio', 'a:2:{s:4:\"name\";s:16:\"Televisi & Radio\";s:4:\"icon\";s:14:\"television.png\";}', 1),
(21, 1, 'pengembangan-game', 'Pengembangan Game', 'a:2:{s:4:\"name\";s:17:\"Pengembangan Game\";s:4:\"icon\";s:14:\"video-game.png\";}', 1),
(23, 5, '33.15.14', 'Brati', '', 1),
(24, 5, '33.15.08', 'Gabus', '', 1),
(25, 5, '33.15.05', 'Geyer', '', 1),
(26, 5, '33.15.16', 'Godong', '', 1),
(27, 5, '33.15.12', 'Grobogan', '', 1),
(28, 5, '33.15.17', 'Gubug', '', 1),
(29, 5, '33.15.02', 'Karangrayung', '', 1),
(30, 5, '33.15.01', 'Kedungjati', '', 1),
(31, 5, '33.15.15', 'Klambu', '', 1),
(32, 5, '33.15.07', 'Kradenan', '', 1),
(33, 5, '33.15.09', 'Ngaringan', '', 1),
(34, 5, '33.15.03', 'Penawangan', '', 1),
(35, 5, '33.15.06', 'Pulokulon', '', 1),
(36, 5, '33.15.13', 'Purwodadi', '', 1),
(37, 5, '33.15.19', 'Tanggungharjo', '', 1),
(38, 5, '33.15.11', 'Tawangharjo', '', 1),
(39, 5, '33.15.18', 'Tegowanu', '', 1),
(40, 5, '33.15.04', 'Toroh', '', 1),
(41, 5, '33.15.10', 'Wirosari', '', 1);

-- --------------------------------------------------------

--
-- Table structure for table `post`
--

CREATE TABLE `post` (
  `id` int(11) NOT NULL,
  `url` varchar(100) NOT NULL,
  `title` varchar(250) NOT NULL,
  `media` varchar(100) NOT NULL,
  `content` text DEFAULT NULL,
  `grup` int(11) NOT NULL,
  `type` varchar(10) NOT NULL,
  `created_at` datetime DEFAULT NULL,
  `updated_at` datetime DEFAULT NULL,
  `created_by` int(11) DEFAULT NULL
) ENGINE=InnoDB DEFAULT CHARSET=latin1;

--
-- Dumping data for table `post`
--

INSERT INTO `post` (`id`, `url`, `title`, `media`, `content`, `grup`, `type`, `created_at`, `updated_at`, `created_by`) VALUES
(2, 'koordinasi-persiapan-pembentukan-komite-ekonomi-kreatif-kek-kabupaten-grobogan', 'Koordinasi Persiapan Pembentukan Komite Ekonomi Kreatif (KEK) Kabupaten Grobogan', '20210714_000021.jpeg', '<p><strong>Purwodadi</strong>, - Dalam rangka meningkatkan pengembangan Ekonomi Kreatif di Kabupaten Grobogan, Bappeda Kabupaten Grobogan mengadakan rapat koordinasi persiapan pembentukan Komite Ekonomi Kreatif (KEK) Kabupaten Grobogan. Rapat koordinasi ini dilaksanakan pada Jumat, 23 April 2021 pukul 08.30 di Ruang Rapat Pangripta Bappeda Kabupaten Grobogan. Rapat tersebut dihadiri oleh perwakilan dari Disporabudbar dan Bagian Perekonomian dan SDA Setda Grobogan serta pelaku ekonomi kreatif Kabupaten Grobogan seperti dari Rumah Kreatif, Komunitas I Love Gubug, Komunitas Kuliner (Kowapi, Dapur Mentari), Komunitas Kriya (Asri Art Godong, Akar Bambu), Komunitas Makanan Olahan, Wisata Grobogan (Candi Joglo), Komunitas Fashion (Srikandi Batik), Komunitas Kuliner hingga Komunitas Palipuro.</p>\n\n<p>Sesuai dengan Undang-Undang Nomor 24 tahun 2019 tentang Ekonomi Kreatif bertujuan untuk mengoptimalkan kreativitas sumber daya manusia yang berbasis warisan budaya, ilmu pengetahuan, dan teknologi. Pengelolaan Ekonomi Kreatif dan potensinya perlu dilakukan secara secara sistematis, terstruktur dan berkelanjutan. Kabupaten Grobogan sendiri masuk ke dalam 14 besar Kab/Kota kreatif di Jawa Tengah. Sehingga diperlukan KEK (Komite Ekonomi Kreatif) karena banyak komunitas pelaku ekonomi kreatif yang tidak terfasilitasi oleh pemangku kebijakan sehingga berjalan sendiri-sendiri. Dengan adanya KEK, maka akan terbentuk hubungan baik antar komunitas maupun komunitas dengan pemerintah.</p>\n\n<p>KEK (Komite Ekonomi Kreatif) nantinya akan beranggotakan OPD terkait sebagai tim pembina atau pengarah dan komunitas sebagai tim pelaksana. Dalam rapat ini terbentuk tim formatur pembentukan KEK.&nbsp; Tim ini bertugas untuk menginisiasi pembentukan KEK, mencari format yang tepat dalam susunan keanggotan KEK, pendataan pelaku ekonomi kreatif. Selama ini banyak pelaku ekonomi kreatif yang belum terdata dan terbina. Oleh karena itu dengan dibentuknya KEK, diharapkan pelaku ekonomi kreatif di Kabupaten Grobogan dapat menyumbang pertumbuhan ekonomi setelah adanya pandemi Covid-19.</p>\n', 4, 'article', '2021-07-11 08:19:29', NULL, 1),
(3, 'rembug-gayeng-sinergi-integrasi-dan-kolaborasi-data-Perencanaan-untuk-umkm-kreatif-dan-berdaya', 'Rembug Gayeng Sinergi Integrasi dan Kolaborasi Data Perencanaan untuk UMKM Kreatif dan Berdaya', 'rembug-gayeng.jpeg', '<p>Purwodadi, - Dalam rangka meningkatkan daya saing UMKM dan sinergi program Pemerintah Kabupaten Grobogan dengan kebutuhan para generasi muda di Kabupaten Grobogan, Bappeda Kabupaten Grobogan mengadakan Rembug Gayeng Sinergi Integrasi dan Kolaborasi Data Perencanaan untuk UMKM Kreatif dan Berdaya pada hari Jumat 7 Mei 2021 pukul 08.30 di Ruang Rapat Pangripta Bappeda Kabupaten Grobogan. Acara ini dihadiri langsung oleh perwakilan dari Disperindag, Dinkop UKM, DKPD, Disnakan, Dispertan, Disporabudpar (Bidang Kepemudaan dan Pariwisata), DP3AKB, Dispermasdes, Cabang Dinas Pendidikan Wilayah IV, Bagian Perekonomian dan SDA Setda Kabupaten Grobogan dan Tim Formatur KEK. Selain itu juga menghadirkan Tim Vokasee.id dan Tim Heterospace sebagai narasumber secara daring.</p>\n<p>Acara ini dibuaka oleh Kepala Bappeda Anang Armunanto S.Sos., M.Si., dalam sambutannya beliau menyampaikan pentingnya meningkatkan ekonomi masyarakat berbasis&nbsp;&nbsp;potensi unggulan secara merata, berkualitas dan berdaya saing sesuai dengan visi pembangunan Kabupaten Grobgan Tahun 2021-2026.</p>\n<p>Acara selanjutnya adalah sesi diskusi yang dipandu Kabid Prasarana Wilayah dan Ekonomi Bappeda Kabupaten Grobogan, Candra Yulian Pasha, ST dan Narasumber dari Tim Vokasee.id dan Tim Heterospace. Disampaikan oleh saudara Fandi dari Tim Vokasee.id bahwa saat ini SMK N 1 Purwodadi dengan jumlah 426 Siswa telah mengikuti program magang dari Vokasee.id. Kabupaten grobogan memiliki potensi dan peluang bisnis, akan tetapi masih banyak kekurangan sehingga perlu adanya kolaborasi anak muda, pemerintah dan swasta/ industri. Kabupaten Grobogan sudah mempunyai sumber daya yaitu anak SMKN 1 Purwodadi yang sudah mempunyai skill dan mempunyai industri yaitu UMKM. Tinggal mengkolaborasikan atau mempertemukan antara anak muda dan UMKM.</p>\n<p>Kegiatan ini juga bertujuan untuk mengumpulkan data ekonomi kreatif dari 17 sub sektor dari peserta yang hadir baik dari OPD maupun tim formatur KEK. Untuk mendukung berbagai aspek dalam meningkatkan ekonomi kreatif di Grobogan, maka dibutuhkan talent mapping di Kabupaten Grobogan, Konsultasi UMKM di ruang kreatif, Kelas-kelas soft skill untuk anak muda, dan pelatihan dan fasilitasi desa wisata oleh siswa SMK.</p>', 4, 'article', '2021-07-20 20:22:48', NULL, 1),
(11, 'rumah-kreatif-grobogan', 'Rumah Kreatif Grobogan', '20210727084913.jpeg', '<p>Rumah Kreatif Grobogan diresmikan pada hari Selasa, 20 Maret 2018 oleh Bupati Grobogan. Rumah Kreatif Grobogan diprakarsai oleh Komunitas Kreatif Grobogan adalah merupakan Bantuan dari Badan Ekonomi Kreatif Indonesia (BEKRAF) berupa bantuan Revitalisasi Gedung dan Sarana / Peralatan Workshop Kuliner pada tahun 2017. Rumah Kreatif Grobogan berada di Jl. D.I. Panjaiatan No. 11 Purwodadi.</p>\n<p>Rumah Kreatif Grobogan yang dilengkapi dengan Ruang Galery, Ruang Meeting&nbsp;&nbsp;/ Rapat, Workshop dan Laborat Kuliner serta fasilitas Mushola adalah sebagai wadah untuk berinteraksi, berkreasi, berinovasi dan berkarya antar pelaku usaha, pemerintah dan masyarakat dalam mengembangkan 17 sub sektor ekonomi kreatif di Kabupaten Grobogan.</p>\n<p>Komunitas Kreatif Grobogan sebagai pemrakarsa dan bersama KOWAPI (Koperasi Wanita Pengusaha Indonesia) sebagai pengusul adanya Rumah Kreatif Grobogan beranggotakan semua komunitas &ndash; komunitas pelaku ekonomi kreatif di Grobogan yang meliputi 17 sub sektor ekonomi kreatif. Aktifitas dan pemanfaatan Rumah Kreatif Grobogan dikelompokan dalam :</p>\n<ul>\n<li>Aktifitas Workshop Kuliner adalah aktifitas pemanfaatan ruang workshop kuliner beserta fasilitas dan sarana kuliner</li>\n<li>Aktifitas Non Workshop Kuliner adalah aktifitas pemanfaatan Rumah Kreatif Grobogan yang menggunakan ruang Non Workshop Kuliner, seperti Meeting Room, Galery Room. Aktifitas dimaksud anatara lain Pertemuan / Rapat &ndash; Rapat, Display Produk, Konsultasi Bisnis Konsultasi Ekonomi Kreatif, dan lain lain.</li>\n<li>Aktifitas Pengembangan Jejaring Ekonomi Kreatif 17 sub sektor adalah aktifitas dalam rangka berpartisipasi dalam mengikuti kegiatan yang diselenggarakan baik oleh :</li>\n</ul>\n<ul>\n<li>BEKRAF (Badan Ekonomi Kreatif Indonesia);</li>\n<li>ICCN ( Indonesia Creative Cities Network);</li>\n<li>KNIU (Komite Nasional Indonesia untuk UNICEF)</li>\n<li>Komunitas &ndash; komunitas yang menyelenggarakan ekonomi kreatif</li>\n</ul>', 4, 'article', '2021-07-27 08:49:13', NULL, 1),
(12, 'rapat-sinkronisasi-dan-identifikasi-data-pelaku-ekonomi-kreatif-kabupaten-grobogan', 'Rapat Sinkronisasi dan Identifikasi Data Pelaku Ekonomi Kreatif Kabupaten Grobogan', '20210727085325.png', '<p>Bappeda Kabupaten Grobogan melaksanakan Rapat Sinkronisasi dan Identifikasi Data Pelaku Ekonomi Kreatif Kabupaten Grobogan.&nbsp;Rapat&nbsp;diselenggarakan pada hari Rabu tanggal 21 Juli 2021 pukul 09.00 sampai dengan selesai melalui zoom meeting .&nbsp;Rapat tersebut dihadiri oleh&nbsp;perwakilan dari Dinkop UKM, DKPD, DPMPTSP, Dispertan, Disporabudpar, Diskominfo, Bagian Perekonomian dan SDA Setda serta Tim Formatur KEK Kabupaten Grobogan. Kegiatan rapat tersebut merupakan tindak lanjut dari inisiasi&nbsp;Pembentukan Kelompok Ekonomi Kreatif (KEK) di Kabupaten Grobogan.</p>\n<p>Rapat dipimpin oleh Kepala Bidang Prasarana Wilayah dan Ekonomi Chandra Yulian Pasha, ST. Dalam rapat tersebut membahas&nbsp;mengenai rencana identifikasi pelaku ekonomi kreatif, pendataan ekonomi kreatif dan pengembangan sistem informasi ekonomi kreatif. Dilanjutkan sesi diskusi dari Dinkop UKM, DKPD, DPMPTSP, Dispertan, Disporabudpar, Diskominfo, Bagian Perekonomian dan SDA Setda serta Tim Formatur KEK mengenai data ekonomi kreatif dan sistem informasi.</p>', 4, 'article', '2021-07-27 08:53:25', NULL, 1),
(13, 'sego-japede-kuliner-khas-grobogan', 'Sego JAPEDE Kuliner Khas Grobogan', '20211109081155.png', '<iframe width=\"560\" height=\"315\" src=\"https://www.youtube.com/embed/QFJsvBzVCEI\" title=\"YouTube video player\" frameborder=\"0\" allow=\"accelerometer; autoplay; clipboard-write; encrypted-media; gyroscope; picture-in-picture\" allowfullscreen></iframe>', 4, 'article', '2021-11-09 08:11:55', NULL, 1),
(14, 'pendalaman-permasalahan-ekonomi-kreatif-di-kedungsepur', 'Pendalaman Permasalahan Ekonomi Kreatif di Kedungsepur', '20211213065913.jpeg', '<p>Dalam rangka penyusunan strategi kebijakan pengembangan ekonomi kreatif di Kabupaten Grobogan, Bappeda Kabupaten Grobogan melaksanakan kegiatan pendalaman permasalahan ekonomi kreatif.  Kegiatan ini dilaksanakan pada hari Kamis tanggal 7 Oktober 2021 pukul 09.00 sampai dengan selesai di Wisata Candi Joglo Desa Krangganharjo Kecamatan Toroh. Kegiatan tersebut dihadiri oleh perwakilan dari Dinkop UKM, DKPD, DPMPTSP, Dispertan, Disporabudpar, Diskominfo, Disperindag, DP3AKB, Disnakkan, Dispermasdes, Bagian Perekonomian dan SDA Setda, Bagian Organisasi Setda,Tim Formatur KEK, serta perwakilan dari berbagai masing-masing sub sektor ekonomi kreatif di Kabupaten Grobogan.</p>\n<p>Kegiatan ini dipimpin oleh Kepala Sub Bidang Perekonomian Bappeda Kabupaten Grobogan Endah Tri Sulistyorini,ST, M.Si. Dalam paparan tersebut disampaikan website ekonomi kreatif Kabupaten Grobogan (www.bergerak.grobogan.go.id) dimana pelaku ekonomi kreatif bisa melakukan registrasi didalamnya, serta penyampaian visi misi ekonomi kreatif yang telah disepakati dalam rapat sebelumnya. </p>\n<p>Dilanjutkan sharing diskusi mengenai permasalahan ekonomi kreatif di Kabupaten Grobogan  yang dilakukan melalui  metaplan dan memberi pendapat secara langsung yang diikuti oleh semua peserta yang hadir. Permasalahan ekonomi kreatif yang dialami seperti pemasaran, permodalan, SDM dan kualitas produk. </p>\n', 4, 'article', '2021-12-13 06:59:13', NULL, 1),
(15, 'rapat-koordinasi-lanjut-pengembangan-ekonomi-kreatif', 'Rapat Koordinasi Lanjut Pengembangan Ekonomi Kreatif', '20211213070053.jpeg', '<p>Bappeda Kabupaten Grobogan melaksanakan Rapat koordinasi Lanjut Pengembangan Ekonomi Kreatif Kabupaten Grobogan pada hari Kamis tanggal 25 November 2021 pukul 09.00 WIB sampai dengan selesai di RM. Pemancingan Langensari Jati Pohon Indah, SumberJatipohon. Rapat tersebut dihadiri oleh perwakilan dari Disperindag, Dinkop UKM, DKPD, DPMPTSP, Dispertan, Disporabudpar, Diskominfo, Dispermasdes, Bagian Perekonomian dan SDA Setda, Direktur BRI Cabang Purwodadi, Direktur BNI 46 Cabang Purwodadi, Direktur BPD Bank Jateng Purwodadi, Direktur BPR BKK Purwodadi, Tim Formatur KEK dan perwakilan berbagai sub sektor ekonomi kreatif di Kabupaten Grobogan. </p>\n<p>Kegiatan ini dipimpin oleh Kepala Sub Bidang Perekonomian Endah Tri Sulistyorini, ST. M.Si. Dalam paparan tersebut disampaikan mengenai pengembangan ekonomi kreatif di Kabupaten Grobogan dan permasalahan ekonomi kreatif. Acara dilanjutkan dengan diskusi mengenai permasalahan permodalan yang dialami oleh pelaku ekonomi kreatif oleh Perbankan dan peserta yang hadir. Masing-masing pihak Bank baik dari BRI Cabang Purwodadi, BNI 46 Cabang Purwodadi, BPD Bank Jateng Purwodadi, BPR BKK Purwodadi menyampaikan bahwa peran perbankan untuk menggerakan perekonomian sehingga perbankan mendukung secara penuh bagi pelaku ekonomi kreatif yang menginginkan bantuan permodalan dengan berbagai jenis kredit. </p>\n<p>Kemudian dilanjutkan Diskusi dengan Kepala Bidang Penanaman Modal DPMPTSP Bapak Widodo,S.Sos mengenai perijinan, Sekretaris Dinkop UKM Bapak Rustam Aji, S.TP mengenai permasalahan ekonomi kreatif seperti bahan baku,SDM, kualitas produk dan pemasaran. Acara diakhiri dengan pembentukan tim Komite Ekonomi Kreatif Kabupaten Grobogan.</p>\n', 4, 'article', '2021-12-13 07:00:53', NULL, 1),
(16, 'sharing-session-perkembangan-ekonomi-kreatif-di-kedungsepur', 'Sharing Session Perkembangan Ekonomi Kreatif di Kedungsepur', '20211213070216.jpeg', '<p>Dalam rangka pengembangan ekonomi kreatif yang terdiri dari 17 sub sektor di wilayah Kedungsepur dan sektor yang menjadi unggulan di masing-masing Kabupaten/Kota, Bappeda Kabupaten Grobogan melaksanakan kegiatan sharing session perkembangan ekonomi kreatif di Kedungsepur. Kegiatan ini dilaksanakan pada hari Rabu tanggal 3 November 2021 pukul 09.00 sampai dengan selesai di Ruang Rapat Pangripta Bappeda Kabupaten Grobogan. Kegiatan tersebut dihadiri oleh perwakilan dari Bappeda di wilayah Kedungsepur : Bappeda Kab. Kendal, Barenlitbangda Kab. Semarang, Bappeda Kota Semarang, Bappeda Kota Salatiga, dan Bappeda Litbang Kab. Demak, beserta OPD masing-masing Kab/Kota yang menangani ekonomi kreatif. Selain itu kegiatan ini juga dihadiri OPD di Kabupaten Grobogan yang menangani ekonomi kreatif seperti Dinkop UKM, DKPD, DPMPTSP, Dispertan, Disporabudpar, Diskominfo, Disperindag, DP3AKB, Disnakkan, Dispermasdes, Bagian Perekonomian dan SDA Setda. </p>\n<p>Kegiatan ini dibuka oleh Sekretaris Bappeda Kabupaten Grobogan Bapak Afi Wildani, ST.M.Eng, dalam pembukaannya disampaikan bahwa Kab/Kota di wilayah Kedungsepur dapat saling bertukar pengalaman dan informasi mengenai perkembangan ekonomi kreatif. Acara selanjutnya sharing session ekonomi kreatif pada masing-masing Kabupaten/Kota di Kedungsepur yang dipandu oleh Kepala Bidang Prasarana Wilayah dan Ekonomi Bappeda Bapak Candra Yulian Pasha, ST. Kegiatan sharing session ini  merupakan obrol santai dan berbagi pengalaman antara Kab/Kota se-Kedungsepur mengenai perkembangan ekonomi kreatif di wilayah masing-masing. </p>\n<p>Perkembangan ekonomi kreatif di Kabupaten Grobogan, seperti yang disampaikan oleh Kepala Sub Bidang Perekonomian Ibu Endah Tri Sulistyorini,ST, M.Si bahwa saat ini tengah menyusun Komite Ekonomi Kreatif, selain itu Kabupaten Grobogan masuk ke dalam Kabupaten/Kota Kreatif (Kata Kreatif) Indonesia. </p>\nDari kegiatan sharing session perkembangan ekonomi kreatif Kedungsepur ini diharapkan masing-masing Kabupaten/Kota mempunyai bekal informasi mengenai keadaan ekonomi kreatif di Kabupaten/Kota lain sehingga dapat menjadikan inspirasi dalam mengembangkan ekonomi kreatif pada setiap Kabupaten/Kota.</p>\n', 4, 'article', '2021-12-13 07:02:16', NULL, 1),
(17, 'pembentukan-kekkomite-ekonomi--kreatif--di-kabupaten--grobogan', 'Pembentukan   KEK   (Komite   Ekonomi  Kreatif)   di  Kabupaten  Grobogan', '20211213070305.jpeg', '<p>Bappeda Kabupaten Grobogan melaksanakan Rapat Pembentukan KEK (Komite Ekonomi Kreatif) di Kabupaten Grobogan pada hari Rabu tanggal 8 Desember 2021 pukul 09.00 WIB sampai dengan selesai di Ruang Rapat Pangripta Kabupaten Grobogan. Rapat tersebut dihadiri oleh perwakilan dari Disperindag, Dinkop UKM, DKPD, DPMPTSP, Dispertan, Disporabudpar, Diskominfo, Disperakim, DP3AKB, Disnakkan, Dispermasdes, Bagian Perekonomian dan SDA Setda, Tim Formatur KEK, serta perwakilan beberapa sub sektor ekonomi kreatif Kabupaten Grobogan. </p>\n<p>Kegiatan ini dibuka oleh Kepala Bidang Prasarana Wilayah dan Ekonomi Candra Yulian Pasha, ST dalam pembukaannya disampaikan bahwa pemerintah mendorong pengembangan ekonomi kreatif di Kabupaten Grobogan. Acara dilanjutkan dengan dipandu oleh Kepala Sub Bidang Perekonomian Endah Tri Sulistyorini, ST. M.Si. Dalam paparan tersebut disampaikan mengenai visi misi ekonomi kreatif yang telah disepakati sebelumnya, kemudian diskusi bersama dengan peserta yang hadir mengenai Pembina OPD untuk masing-masing sub sektor ekonomi kreatif, pembentukan tim pembina dan tim pelaksana  KEK (Komite Ekonomi Kreatif). Selanjutnya akan disusun SK Bupati mengenai pembentukan  KEK (Komite Ekonomi Kreatif) Kabupaten Grobogan. </p>\n<p>Tugas utama KEK adalah menjadi partner bagi Pemerintah untuk mendorong kenaikan pertumbuhan ekonomi, sebagai moderator/ perantara antara Pemerintah dengan Masyarakat / Komunitas dan menguatkan jejaring antar pelaku ekonomi kreatif dan juga mengangkat potensi daerah.</p>\n', 4, 'article', '2021-12-13 07:03:05', NULL, 1),
(18, 'local-champion-pelaku-ekonomi-kreatif-grobogan-the-series', 'Local Champion Pelaku Ekonomi Kreatif Grobogan the Series (1) :  Dari Tangan Kreatif Pak Tri, Akar Jati Diubah Menjadi Produk Bernilai Tinggi', '20220104053341.png', '<p>Di tangan yang tepat, akar jati yang biasanya hanya digunakan sebagai kayu bakar disulap menjadi produk bernilai jual tinggi. Di tangan seorang pria yang akrab di sapa Pak Tri, akar-akar tersebut diolah menjadi berbagai macam produk yang mengandung nilai artistik tinggi.</p>\n<p>Usaha yang diberi nama Djoel Art Furniture dan berlokasi di Dusun Sambirejo, Desa Ringinpitu, Kecamatan Tanggungharjo, Kabupaten Grobogan, Jawa Tengah. Bermula dari usaha yang berfokus pada pembuatan mebel seperti meja, almari, serta kursi pada umumnya. Namun, pada tahun 2011 Pak Tri mengalami kesulitan di dalam memperoleh bahan baku kayu jati dan menyebabkan usaha tersebut berhenti selama kurang lebih 2 tahun.</p>\n<p>Tidak habis akal, Pak Tri melihat peluang banyaknya akar jati yang belum dimaksimalkan nilainya. Kemudian Pak Tri menawarkan akar jati tersebut ke pengrajin di Jogjakarta sebagai bahan mentah. Dari menjual bahan mentah tersebut ternyata kurang menguntungkan hasilnya. Berbekal kreatifitas, Pak Tri mencoba membuat akar-akar jati tersebut menjadi produk jadi sehingga nilai jualnya lebih tinggi. Akhirnya pada tahun 2013, produk dari Djoel Art Furniture diminati karena nilai seni serta kerapian produknya. Bahkan Pak Tri sering diundang untuk mengikuti pameran-pameran dan tidak jarang mendapat penghargaan.</p>\n<p>Sampai saat ini Pak Tri telah mampu mempekerjakan 5 orang untuk membantu proses produksi. Untuk memenuhi permintaan yang semakin banyak, Pak Tri berencana menambah karyawan tetapi, kendala yang terjadi adalah kesulitan dalam melatih pekerja baru. Selain itu kendala utama adalah akses jalan untuk mencapai tempat produksi Djoel Art Furniture karena ini berhubungan penting dengan pengangkutan barang jadi serta pengiriman bahan baku. Kendala lainnya adalah sulitnya memperoleh bahan baku akar jati di saat musim penghujan. Hal ini disebabkan kesulitan dalam pengambilan akar jati apabila terjadi hujan lebat. Sejauh ini bahan baku akar jati masih diperoleh dari sekitaran Kabupaten Grobogan karena masih cukup melimpah</p>\n<p>Dari usaha tersebut, pak tri mampu meraup omzet perbulan mencapai 60 juta, dengan pendapatan bersih sekitar 15 juta rupiah perbulan. Usaha yang telah dirintis sejak 9 tahun lalu ini terus berusaha untuk mengembangkan usahanya untuk memenuhi target permintaan. Produk dari Djoel Art Furniture begitu diminati lantaran produknya yang unik serta kerapian pengerjaannya serta mengandung nilai seni yang tinggi. Untuk saat ini Pak Tri menjual produknya pada eksportir di Jogjakarta. Kemudian eksportir tersebut memasarkannya ke berbagai negara.</p>\n<p>Pak Tri berharap bagi pelaku-pelaku ekonomi kreatif di Grobogan, untuk selalu fokus melihat peluang bukan hambatan.</p>\n<p>&nbsp;</p>\n<p><img src=\"https://bergerak.grobogan.go.id/assets/img/Picture2.png\" width=\"608\" height=\"456\" /></p>\n<p><strong>Produk Djoel Art Furniture dalam Acara Pameran Apkasi Expo 2021 di Jakarta Convention Center</strong></p>', 4, 'article', '2022-01-04 05:33:41', NULL, 1),
(19, 'sabdha-angit-bukti-pemuda-grobogan-juga-mampu-bersaing-di-industri-animasi-dan-film', '‘Sabdha Langit’ Bukti Pemuda Grobogan Juga Mampu Bersaing di Industri Animasi dan Film', 'sabda_header.jpeg', '<p>CV Sabdha Langit menjadi salah<strong> </strong>satu usaha yang bergerak di bidang ekonomi kreatif yang ada di Kabupaten Grobogan. Dengan <em>founder</em>-nya Andreas Indro Bagus SN. Beralamat di Jl. Pangeran Puger No. 70B Kel. Grobogan Kec. Grobogan Kab. Grobogan. Bergerak di subsektor produksi film, animasi dan video pendek.</p>\n<p>Dilatarbelakangi dari ketertarikan Mas Andreas melihat adanya peningkatan kebutuhan dan permintaan masyarakat akan konten dan dokumentasi mendorong Mas Andreas belajar secara otodidak mengenai dunia multimedia. Ditemani empat orang teman, Sabdha Langit pun mulai dirintis dan menawarkan jasanya.</p>\n<p>Di awal merintis usaha memang ada kendala dalam modal, apalagi peralatan yang menunjang dunia multimedia yang terbilang mahal, mulai dari kamera, lensa, PC. Peralatan pun terbilang sederhana sehingga hanya bisa mengambil job kerja yang bisa di pegang dengan alat seadanya. Setelah 5 tahun berdiri Sabdha Langit sudah mampu menambah pegawai dan juga jangkauan pasar bahkan sampai luar kota, mulai dari Surabaya, pemalang, sampai Senayan. Pada tahun 2017, Sabdha Langit resmi melegalkan bentuk usahanya sebagai CV.</p>\n<p>Dari empat orang sekarang jumlah tenaga kerja yang mampu diserap oleh Sabdha Langit mencapai 35 orang dengan rincian untuk bidang <em>Event Organizer</em> 15 orang dan bidang multimedia 20 orang. Semua pegawainya adanya pemuda-pemuda asli putra Grobogan yang terbagi menjadi dua, <em>full time</em> dan <em>part time</em>.</p>\n<p>Terdapat beberapa kelebihan yang dimiliki Sabdha Langit dibandingkan PH (Production House) lainnya. Pertama, umumnya pekerja di bidang ini adalah lulusan multimedia. Namun, Mas Andreas justru adalah lulusan sastra inggris. Yang menjadikan nilai kelebihan karena ternyata setiap video, film dan konten selalu membutuhkan cerita, skrip, alur dan karakter tokoh. Di sinilah <em>skill</em> dari sastra sangat berguna. Sabdha Langit sendiri memiliki tim kreatif khusus.</p>\n<p>Kedua, adanya keunggulan di pangsa pasar yang masih terbuka lebar. Kebanyakan PH (<em>Production House</em>) menyasar pasarnya pada acara-acara <em>wedding</em>, tetapi Sabdha Langit banyak menyasar ke instansi, pendidikan dan pariwisata. Di Purwodadi juga masih sedikit sekali yang bisa cinematografi seperti pembuatan iklan layanan masyarakat, animasi dan film pendek.</p>\n<p>Untuk pengembangan lini usaha Sabdha Langit, Mas Andreas berencana membangun studio video dan studio foto untuk merambah bidang <em>wedding</em> yang kemarin sempat ditinggalkan. Untuk mendukung rencana tersebut, sudah dibentuk divisi baru.</p>\n<p>Adanya pandemi memang berdampak pada penurunan omzet dari EO, namun untuk multimedia justru mengalami peningkatan signifikan. Ini ditunjukkan dengan penyerapan tenaga untuk multimedia meningkat yang semula 2 orang menjadi 10 orang.</p>\n<p>Untuk job yang biasa ditangani oleh Sabdha Langit seperti membuat profil wisata, film pendek, animasi, <em>company profile</em> instansi maupun sekolah, video bahan ajar kursus dan pelatihan, serta <em>traveling vlog</em> maupun dokumentasi acara. Artinya Sabdha Langit juga berkolaborasi dengan sub bidang pariwisata maupun pendidikan. Untuk di Grobogan sendiri instansi-instansi pemerintahan hampir 80% pasarnya milik Sabdha Langit. Omzet perbulan berada diantara 80-100 juta, memang tidak bisa dipukul rata karena kadang ada job dibayar bulan depannya. Untuk pendapatan bersih sekitar 20-50 juta perbulan.</p>\n<p>Tantangan utama yang dihadapi pelaku ekonomi kreatif di bidang ini adalah adanya perkembangan teknologi yang sangat cepat, perkembangan dunia multimedia yang cepat, dan diluar sana juga banyak PH yang lebih bagus sehingga perlu penyesuaian sumber daya manusia. Ini dimaksudkan agar SDM mampu bersaing dengan PH lainnya. Selain itu, peralatan juga perlu selalu diperbarui dan diremajakan. Tantangan lainnya adalah untuk menembus pasar di daerah lain diperlukan tim yang solid, kreatif, dan peralatan mumpuni.</p>\n<p>Harapan dari Mas Andreas untuk perkembangan ekonomi kreatif di Kabupaten Grobogan yakni, pertama, pemerintah daerah bisa menjadi inisiator mengadakan pelatihan-pelatihan untuk pelaku ekonomi kreatif di Kabupaten Grobogan. Kedua, adanya <em>event-event</em> untuk memperluas pasar ekonomi kreatif seperti pasar raya sebaiknya jangan hanya memamerkan produk UMKM saja tetapi, juga produk pelaku Ekonomi Kreatif. Ketiga, adanya bantuan baik dana maupun peralatan bagi pelaku ekonomi kreatif dari PEMKAB Grobogan. Keempat, regulasi yang berpihak pada pelaku ekonomi kreatif.</p>\n<p style=\"text-align: center;\"><img src=\"https://bergerak.grobogan.go.id/assets/img/sabda_alnit_article.png\" /></p>\n<p style=\"text-align: center;\"><span style=\"font-size: 10pt;\"><strong>Film Produksi CV. Sabdha Langit</strong> </span></p>\n<p>&nbsp;</p>', 4, 'article', '2022-01-05 10:36:23', NULL, 1),
(20, 'ayo-dolan-grobogan', 'Ayo Dolan Grobogan', '20220114063553.png', '<p>Hallo Traveler!!!!</p>\n<p>Pada bingung mau liburan ke Grobogan tapi ngga tau tempat wisata yang asik dan menarik?? Atau ingin tau apa aja sih wisata yang ada di Grobogan???  \nEits tunggu dulu.. sebelum mengetahui destinasi wisata yang ada di Grobogan, harusnya tau asal usul kabupaten grobogan dulu dong. Jadi asal usul nama Kabupaten Grobogan sendiri itu berasal dari kata ‘Grobog’ atau sebuah kotak peti penyimpanan senjata ataupun perhiasan. Nah ceritanya dahulu ketika pasukan Kasultanan Demak di bawah pimpinan Sunan Ngundung dan Sunan Kudus menyerbu ke pusat Kerajaan Majapahit memperoleh kemenangan yang gemilang. Runtuhlah Kerajaan Majapahit saat itu. Ketika Sunan Ngundung memasuki istana, dia menemukan banyak pusaka Majapahit yang di tinggalkan. Benda-benda itu lalu dikumpulkan dan dimasukkan ke dalam sebuah grobog, kemudian dibawa sebagai barang boyongan ke Demak. Tetapi di dalam perjalanan kembali ke Demak, grobog tersebut tertinggal di suatu tempat karena sesuatu sebab. Peristiwa tersebut sangat mengesankan di hati Sunan Ngundung, sehingga sebagai kenangan tempat tersebut di beri nama Grobogan yaitu tempat grobog yang tertinggal.</p>\n<p>Sudah tau kan asal usul Kabupaten Grobogan sendiri…  menjawab pertanyan diatas tadi, Grobogan memiliki banyak sekali destinasi wisata menarik. Apa saja? Wisata Alam sendiri ada Air Terjun Widuri, Goa Macan dan Lasi Mrisi, Jati Pohon Indah (JPI), Bledug Kuwu dan Tak lupa yaitu Api Abadi Mrapen yang biasanya di gunakan untuk beberapa event Nasional maupun Internasional. Lalu Wisata Religi ada Makam Ki Ageng Tarub, Makam Ki Ageng Getas Pendowo, dan Makam Ki Ageng Selo yang mempunyai banyak sejarah yang ada di Kabupaten Grobogan. Selanjutnya ada Wisata Kuliner yang menggugah selera bagi penikmat makanan yaitu ada Sayur Becek, Nasi Puger, Nasi Jagung Sayur Lompong, Garang Asem, Sego Japede, Pecel Gambrengan dan tak ketinggalan yang menjadi icon kondang adalah Swike. Selain itu masih ada banyak wisata-wisata yang menarik yang belum di sebutkan, biar lebih lengkap bisa simak link dibawah ini ya…</p>\n<p><iframe src=\"/assets/attachment/booklet_wisata_grobogan.pdf\" width=\"100%\" height=\"500px\"></p>\n', 4, 'article', '2022-01-14 06:35:53', NULL, 1),
(21, 'dukungan-sarana-prasarana-dari-pemerintah-untuk-pengembangan-ekonomi-lokal', 'Dukungan Sarana Prasarana Dari Pemerintah Untuk Pengembangan Ekonomi Lokal (1) : Technopark Pangan Grobogan Sebagai Batu Loncatan Dalam Menggali Potensi Pangan Lokal', '20220128083719.jpg', '<p>Technopark Pangan Grobogan merupakan kawasan yang ditujukan untuk pengembangan inovasi tekhnologi pangan lokal guna meningkatkan daya saing daerah serta meningkatkan kesejahteraan masyarakat. Technopark pangan ini hadir di Kabupaten Grobogan sejak tahun 2015 yang diawali dengan adanya RPJMN 2015-2019 dalam program Nawacita pada pemerintahan Presiden Joko Widodo. Dalam program tersebut menjadikan Kabupaten Grobogan sendiri menjadi salah satu prioritas pembangunan Technopark. Selain itu, Technopark pangan yang beralamatkan di Desa Dapurno Kecamatan Wirosari ini hadir dari hasil kerjasama dari Pemerintah Kabupaten Grobogan dengan Badan Pengkajian dan Penerapan Technologi (BPPT) yang memberikan bantuan aksistensi dan pendampingan. Pendirian Technopark Pangan ini juga didasari Kabupaten Grobogan yang memiliki potensi yang luar biasa di sektor&nbsp; pertanian dan merupakan lumbung pangan di Jawa Tengah.</p>\n<p>Kegiatan di Technopark ini baru beroperasi tahun 2016 walaupun sudah ada pada tahun 2015. Akan tetapi Technopark pangan grobogan sendiri baru legal menjadi kelembagaan (UPT) melalui Peraturan Bupati No 57 tahun 2016 tentang Kedudukan, Susunan Organisasi, Tugas Pokok, Fungsi, Uraian Tugas Jabatan dan Tata Kerja Dinas Ketahanan Pangan Daerah Kabupaten Grobogan, dimana Technopark merupakan suatu Unit Pelaksana Teknis Dinas. Dalam pembangunannya, Technopark ini dirancang untuk menjadi sentra produksi dan pengembangan produk pangan lokal. Technopark pangan ini juga telah banyak melakukan kerjasama dengan beberapa Perguruan Tinggi serta juga bekerjasama dengan Kementerian Pertanian mengenai dijadikannya Technopark sebagai pusat pelatihan pengembangan industri pangan lokal. Kegiatan fasilitasi dari Badan Pengkajian dan Penerapan Tehnologi (BPPT) / Badan Riset dan Inovasi Nasional (BRIN) dan Badan Pengawas Obat dan Makanan (BPOM) juga sering dilakukan terutama untuk pengembangan kualitas produk dan fasilitasi perijinan.</p>\n<p>Kawasan yang berada di lahan seluas 6,7 hektar ini memiliki beberapa sarana dan prasarana seperti kantor manajeman, gedung utama, dan dua gedung pengolahan hasil pangan yaitu gedung pengolahan jagung dan gedung pengolahan kedelai. Kegiatan yang ada di Technopark saat ini yaitu pembuatan mie sayur, pembuatan tepung mocaf, sangrai kedelai, pembuatan tempe dan pengolahan jagung. Selain itu Technopark juga memberikan pelayanan usaha, pelayanan konsultasi, pelayanan magang hingga pelayanan pelatihan bagi masyarakat dan kelompok usaha bersama (KUB).</p>\n<table border=\"0\" cellspacing=\"0\" cellpadding=\"0\">\n<tbody>\n<tr>\n<td style=\"width: 239.4pt;\" valign=\"top\">\n<p><img src=\"/assets/img/dkpd_1.jpg\" width=\"215\" height=\"165\" /></p>\n</td>\n<td style=\"width: 239.4pt;\" valign=\"top\">\n<p><img src=\"/assets/img/dkpd_2.jpg\" width=\"214\" height=\"165\" /></p>\n</td>\n</tr>\n<tr>\n<td style=\"width: 478.8pt;\" colspan=\"2\" valign=\"top\">\n<p><strong><em>Gambar : Gedung pengolahan jagung dan gedung pengolahan kedelai</em></strong></p>\n</td>\n</tr>\n</tbody>\n</table>\n<p>&nbsp;</p>\n<p>Technopark sendiri telah memberikan beberapa pelatihan dan bimbingan kepada para pelaku UMKM dan kelompok-kelompok pengusaha di seluruh Indonesia. Mereka saat ini telah berhasil memproduksi sendiri setelah mendapatkan bimbingan dan pelatihan. Hasil yang mereka produksi seperti mie sayur, tepung mocaf, emping jagung, tempe, sangrai kedelai, sari kedelai dan masih banyak lagi.</p>\n<p>Selama ini Technopark mengalami beberapa hambatan seperti masalah pemasaran produk bagi para peserta binaan, dan kurangnya tenaga ahli yang membidangi untuk mengurusi Technopark. Menurut Bapak Ir Nur Khamid MM sebagai pengelola Technopark Pangan Grobogan, Strategi kedepannya untuk Technopark yaitu masuk ke dalam asosiasi Technopark se Indonesia, pemasaran produk hasil dari Technopark bukan secara manual akan tetapi juga melalui media online, dan pengembangan hasil pangan lokal bisa go internasional.</p>\n<table border=\"0\" cellspacing=\"0\" cellpadding=\"0\">\n<tbody>\n<tr>\n<td style=\"width: 237.8pt;\" valign=\"top\">\n<p><img src=\"/assets/img/dkpd_3.jpg\" width=\"220\" height=\"143\" /></p>\n</td>\n<td style=\"width: 241.0pt;\" valign=\"top\">\n<p><img src=\"/assets/img/dkpd_4.jpg\" width=\"230\" height=\"146\" /></p>\n</td>\n</tr>\n<tr>\n<td style=\"width: 478.8pt;\" colspan=\"2\" valign=\"top\">\n<p style=\"text-align: center;\"><strong><em>Gambar : Produk olahan pangan yang difasilitasi oleh Technopark</em></strong></p>\n</td>\n</tr>\n</tbody>\n</table>\n', 4, 'article', '2022-01-28 08:37:19', NULL, 1);

-- --------------------------------------------------------

--
-- Table structure for table `trx_usaha`
--

CREATE TABLE `trx_usaha` (
  `id` int(11) NOT NULL,
  `value` varchar(30) NOT NULL,
  `kecamatan` int(2) DEFAULT NULL,
  `meta` text NOT NULL,
  `created_at` datetime DEFAULT NULL,
  `created_by` int(11) DEFAULT NULL,
  `active` int(11) DEFAULT 1,
  `perorangan` int(2) NOT NULL,
  `produksi` int(2) NOT NULL
) ENGINE=InnoDB DEFAULT CHARSET=latin1;

--
-- Dumping data for table `trx_usaha`
--

INSERT INTO `trx_usaha` (`id`, `value`, `kecamatan`, `meta`, `created_at`, `created_by`, `active`, `perorangan`, `produksi`) VALUES
(2, 'Andreas Indro Bagus SN', 27, 'a:10:{s:4:\"name\";s:27:\"CV. Sabdha Langit Indonesia\";s:5:\"owner\";s:22:\"Andreas Indro Bagus SN\";s:4:\"desc\";s:46:\"Rumah Produksi film, animasi, dan video pendek\";s:7:\"address\";s:68:\"Jl. Pangeran Puger No. 70B Kel. Grobogan Kec. Grobogan Kab. Grobogan\";s:5:\"phone\";s:12:\"082133233777\";s:5:\"media\";s:36:\"Logo_CV._Sabdha_Langit_Indonesia.png\";s:3:\"lat\";s:10:\"-7.0257961\";s:4:\"long\";s:11:\"110.9215046\";s:2:\"ig\";s:35:\"ig : @sabdhalangit / @sabdha_langit\";s:5:\"email\";s:22:\"sabdhalangit@gmail.com\";}', '2021-08-24 20:50:48', 1, 1, 0, 0),
(3, 'Listriyani', 36, 'a:10:{s:4:\"name\";s:14:\"Batik Srikandi\";s:5:\"owner\";s:10:\"Listriyani\";s:4:\"desc\";s:100:\"Batik merupakan warisan budaya, dengan sentuhan canting dan pewarnaan akan membuat indah suatu bahan\";s:7:\"address\";s:54:\"RT 08/05 Cabeyan - Ngraji Kec. Purwodadi Kab. Grobogan\";s:5:\"phone\";s:12:\"081238062004\";s:5:\"media\";s:0:\"\";s:3:\"lat\";s:9:\"-7.110377\";s:4:\"long\";s:10:\"110.928856\";s:2:\"ig\";s:0:\"\";s:5:\"email\";s:19:\"listriani@gmail.com\";}', '2021-08-24 20:50:48', 1, 1, 0, 0),
(4, 'Rina Puspitasari', 36, 'a:10:{s:4:\"name\";s:16:\"Rumah Bunga Rina\";s:5:\"owner\";s:16:\"Rina Puspitasari\";s:4:\"desc\";s:22:\"Bunga Hias Artificial \";s:7:\"address\";s:50:\"Jl. Untung Suropati RT 04 RW 19 Purwodadi Grobogan\";s:5:\"phone\";s:12:\"081328458722\";s:5:\"media\";s:25:\"Logo_Rumah_Bunga_Rina.jpg\";s:3:\"lat\";s:9:\"-7.093765\";s:4:\"long\";s:10:\"110.910064\";s:2:\"ig\";s:20:\"ig : @rumahbungarina\";s:5:\"email\";s:29:\"rinapuspitasari2014@gmail.com\";}', '2021-08-24 20:50:48', 1, 1, 0, 0),
(5, 'Eko Budi Kurniawan', 41, 'a:10:{s:4:\"name\";s:13:\"Republik Seni\";s:5:\"owner\";s:18:\"Eko Budi Kurniawan\";s:4:\"desc\";s:42:\"Pembuatan Lagu , jingle & konsultasi event\";s:7:\"address\";s:20:\"Lk. Bandang RT 01/04\";s:5:\"phone\";s:12:\"082136843889\";s:5:\"media\";s:22:\"Logo_Republik_Seni.jpg\";s:3:\"lat\";s:9:\"-7.084002\";s:4:\"long\";s:10:\"111.091713\";s:2:\"ig\";s:18:\"ig : @republikseni\";s:5:\"email\";s:24:\"republikseni11@gmail.com\";}', '2021-08-24 20:50:48', 1, 1, 0, 0),
(6, 'Suyanto', 35, 'a:10:{s:4:\"name\";s:15:\"Batik Sekartaji\";s:5:\"owner\";s:7:\"Suyanto\";s:4:\"desc\";s:131:\"Originalitas batik, dalam hal ini media pembuatan batik dengan canting dan cap, bisa dikategorikan kedalam batik asli atau original\";s:7:\"address\";s:35:\"Jln Danyang Kuwu Km 12 Sembungharjo\";s:5:\"phone\";s:12:\"081225672922\";s:5:\"media\";s:25:\"Logo_Batik_Sekartaji.jpeg\";s:3:\"lat\";s:0:\"\";s:4:\"long\";N;s:2:\"ig\";s:27:\"ig : @yanto_batik_sekartaji\";s:5:\"email\";s:0:\"\";}', '2021-08-24 20:50:48', 1, 1, 0, 0),
(7, 'Mokhamad Miftah', 36, 'a:10:{s:4:\"name\";s:6:\"Wartas\";s:5:\"owner\";s:15:\"Mokhamad Miftah\";s:4:\"desc\";s:221:\"Minuman kopi Wartas merupakan hasil kreasi dari para ahli kami yang dibuat dengan menggunakan bahan baku yang berkualitas,dengan hanya menggunakan biji kopi petik merah untuk menghasilkan aroma dan rasa kopi yang nikmat. \";s:7:\"address\";s:36:\"Dsn Ande Ande RT/RW 01/07 Ds Ngembak\";s:5:\"phone\";s:12:\"085641500000\";s:5:\"media\";s:15:\"Logo_Wartas.png\";s:3:\"lat\";s:10:\"-7.0907254\";s:4:\"long\";s:11:\"110.8909149\";s:2:\"ig\";s:16:\"ig : @wartasgrob\";s:5:\"email\";s:21:\"wartascoffe@gmail.com\";}', '2021-08-24 20:50:48', 1, 1, 0, 0),
(8, 'Tina Nugroho', 36, 'a:10:{s:4:\"name\";s:13:\"Eyank Cyantiq\";s:5:\"owner\";s:12:\"Tina Nugroho\";s:4:\"desc\";s:72:\"Sego JAPEDE; Makanan sehat-bergizi lengkap, bisa dikonsumsi segala usia.\";s:7:\"address\";s:41:\"Jl. Yos Soedarso No 30 Purwodadi Grobogan\";s:5:\"phone\";s:12:\"081548468808\";s:5:\"media\";s:0:\"\";s:3:\"lat\";s:0:\"\";s:4:\"long\";N;s:2:\"ig\";s:19:\"ig : @eyank cyantiq\";s:5:\"email\";s:24:\"tinanugroho285@gmail.com\";}', '2021-08-24 20:50:48', 1, 1, 0, 0),
(9, 'Elya murtianto', 33, 'a:10:{s:4:\"name\";s:20:\"Kerajinan Akar Bambu\";s:5:\"owner\";s:14:\"Elya murtianto\";s:4:\"desc\";s:78:\"Pengolahan limbah akar bambu yang diolah menjadi nilai jual yang sangat tinggi\";s:7:\"address\";s:36:\"Desa Sendangrejo Kecamatan Ngaringan\";s:5:\"phone\";s:12:\"085292261945\";s:5:\"media\";s:0:\"\";s:3:\"lat\";s:8:\"-7.06438\";s:4:\"long\";s:9:\"111.08362\";s:2:\"ig\";s:0:\"\";s:5:\"email\";s:23:\"murtiantoelya@gmail.com\";}', '2021-08-24 20:50:48', 1, 1, 0, 0),
(10, 'Ahmat Suryadi', 32, 'a:10:{s:4:\"name\";s:19:\"Kebab Ahmat Suryadi\";s:5:\"owner\";s:13:\"Ahmat Suryadi\";s:4:\"desc\";s:96:\"Makan sehat  dan bahan berkwalitas menghasilkan cita rasa yang tinggi dan aman untuk di konsumsi\";s:7:\"address\";s:28:\"Jln Raya Pasar Kuwu Kradenan\";s:5:\"phone\";s:12:\"085318716284\";s:5:\"media\";s:0:\"\";s:3:\"lat\";s:0:\"\";s:4:\"long\";N;s:2:\"ig\";s:0:\"\";s:5:\"email\";s:0:\"\";}', '2021-08-24 20:50:48', 1, 1, 0, 0),
(11, 'Albertus meyanta', 36, 'a:10:{s:4:\"name\";s:23:\"Abemeyanta Jati Belanda\";s:5:\"owner\";s:16:\"Albertus meyanta\";s:4:\"desc\";s:46:\"Pembuatan interior untuk mempercantik ruangan \";s:7:\"address\";s:51:\"Gg. Jajar Barat No 8 RT 04 RW 01 Purwodadi Grobogan\";s:5:\"phone\";s:12:\"088215134663\";s:5:\"media\";s:0:\"\";s:3:\"lat\";s:0:\"\";s:4:\"long\";N;s:2:\"ig\";s:29:\"ig : @abejatibelandapurwodadi\";s:5:\"email\";s:19:\"meyanta80@gmail.com\";}', '2021-08-24 20:50:48', 1, 1, 0, 0),
(12, 'Riza', 28, 'a:10:{s:4:\"name\";s:39:\"Rizartech Pengembangan Web dan Aplikasi\";s:5:\"owner\";s:4:\"Riza\";s:4:\"desc\";s:139:\"Saya pengembang web dan aplikasi memberikan yang terbaik untuk kebutuhan teknologi dimasa depan guna memudahkan dalam hal kehidupan manusia\";s:7:\"address\";s:55:\"Jl. KH Hasan Anwar RT. 04 RW. 12 Kec Gubug Kab Grobogan\";s:5:\"phone\";s:12:\"089621421188\";s:5:\"media\";s:38:\"logo_pengembangan_web_dan_aplikasi.jpg\";s:3:\"lat\";s:0:\"\";s:4:\"long\";N;s:2:\"ig\";s:13:\"ig : @rizains\";s:5:\"email\";s:23:\"rizartech.com@gmail.com\";}', '2021-08-24 20:50:48', 1, 1, 0, 0),
(13, 'Meyta Wijayanti', 36, 'a:10:{s:4:\"name\";s:27:\"Seblak dan Tahu Telor Ziyya\";s:5:\"owner\";s:15:\"Meyta Wijayanti\";s:4:\"desc\";s:49:\"Makanan sehat dengan bahan segar dan menyehatkan.\";s:7:\"address\";s:25:\"Jl. Soponyono 1 Purwodadi\";s:5:\"phone\";s:12:\"087710588083\";s:5:\"media\";s:0:\"\";s:3:\"lat\";s:9:\"-7.084575\";s:4:\"long\";s:10:\"110.914531\";s:2:\"ig\";s:0:\"\";s:5:\"email\";s:21:\"yoannasiska@gmail.com\";}', '2021-08-24 20:50:48', 1, 1, 0, 0),
(14, 'Ely Laxmawati', 36, 'a:10:{s:4:\"name\";s:8:\"JJ SNACK\";s:5:\"owner\";s:13:\"Ely Laxmawati\";s:4:\"desc\";s:89:\"Dengan bahanbdan cara olah yang higienis menghasilkan produk yang sehat untuk anak bangsa\";s:7:\"address\";s:68:\"Jl.A.Yani  No 204 Kuripan RT 002 RW 022 Kec. Purwodadi Kab. Grobogan\";s:5:\"phone\";s:12:\"081392624230\";s:5:\"media\";s:17:\"Logo_JJ_SNACK.jpg\";s:3:\"lat\";s:9:\"-7.079780\";s:4:\"long\";s:10:\"110.895878\";s:2:\"ig\";s:0:\"\";s:5:\"email\";s:25:\"ely.laxmawati05@gmail.com\";}', '2021-08-24 20:50:48', 1, 1, 0, 0),
(15, 'Didik Budiharto', 36, 'a:10:{s:4:\"name\";s:11:\"Harwena Art\";s:5:\"owner\";s:15:\"Didik Budiharto\";s:4:\"desc\";s:83:\"Harwena Art, tukang maenin warna, menyediakan berbagai macam lukisan dan alat lukis\";s:7:\"address\";s:40:\"Jl.Hayam Wuruk No 17, Purwodadi Grobogan\";s:5:\"phone\";s:12:\"082226130976\";s:5:\"media\";s:0:\"\";s:3:\"lat\";s:9:\"-7.089198\";s:4:\"long\";s:10:\"110.917527\";s:2:\"ig\";s:24:\"ig : @didikbudiharto4429\";s:5:\"email\";s:19:\"didikspv7@gmail.com\";}', '2021-08-24 20:50:48', 1, 1, 0, 0),
(16, 'Muh Umar', 28, 'a:10:{s:4:\"name\";s:15:\"KILG Management\";s:5:\"owner\";s:8:\"Muh Umar\";s:4:\"desc\";s:24:\"Penyedia Event organizer\";s:7:\"address\";s:32:\"Jl. A Yani 02/ 01 Gubug Grobogan\";s:5:\"phone\";s:12:\"081390021852\";s:5:\"media\";s:24:\"Logo_KILG_Management.png\";s:3:\"lat\";s:0:\"\";s:4:\"long\";N;s:2:\"ig\";s:13:\"fb : KILGNEWS\";s:5:\"email\";s:18:\"muhumar2@gmail.com\";}', '2021-08-24 20:50:48', 1, 1, 0, 0),
(17, 'Dwi sinta pebriani', 36, 'a:10:{s:4:\"name\";s:22:\"Keripik Kanji (Citruk)\";s:5:\"owner\";s:18:\"Dwi sinta pebriani\";s:4:\"desc\";s:329:\"Citruk adalah cemilan yang berbahan dasara tepung kanji atau tepung yang berasal dari singkong.Citruk diproduksi tanpa bahan pengawet,dan menggunakan bumbu yang alami,berupa cabe kering,dan kaldu jamur.Cemilan renyah,gurih ini bisa dinikmati oleh semua kalangan umur,karena memiliki tekstur yang renyah,dan tanpa bahan berbahaya.\";s:7:\"address\";s:31:\"Kuripan RT 004 RW 013 Purwodadi\";s:5:\"phone\";s:12:\"085321503539\";s:5:\"media\";s:31:\"Logo_Keripik_Kanji_(Citruk).jpg\";s:3:\"lat\";s:0:\"\";s:4:\"long\";N;s:2:\"ig\";s:0:\"\";s:5:\"email\";s:25:\"dwishinta010310@gmail.com\";}', '2021-08-24 20:50:48', 1, 1, 0, 0),
(18, 'Mujiyono', 36, 'a:10:{s:4:\"name\";s:11:\"Hobby Bakso\";s:5:\"owner\";s:8:\"Mujiyono\";s:4:\"desc\";s:5:\"Bakso\";s:7:\"address\";s:54:\"Jl. Soponyono 1 Purwodadi. ( Pusat Kuliner Purwodadi )\";s:5:\"phone\";s:12:\"081348278290\";s:5:\"media\";s:20:\"Logo_Hobby_Bakso.jpg\";s:3:\"lat\";s:0:\"\";s:4:\"long\";N;s:2:\"ig\";s:0:\"\";s:5:\"email\";s:22:\"warungsegar5@gmail.com\";}', '2021-08-24 20:50:48', 1, 1, 0, 0),
(21, 'Rini', 36, 'a:10:{s:4:\"name\";s:10:\"Dapur Enjo\";s:5:\"owner\";s:4:\"Rini\";s:4:\"desc\";s:81:\"Makanan sehat dari bahan berkualitas diolah secara higienis aman untuj dikonsumsi\";s:7:\"address\";s:44:\"Jl Mangga Raya No 37 Sambak RT2 RW 8 Danyang\";s:5:\"phone\";s:12:\"085742196001\";s:5:\"media\";s:19:\"Logo_Dapur_Enjo.jpg\";s:3:\"lat\";s:0:\"\";s:4:\"long\";N;s:2:\"ig\";s:16:\"ig : @dapur_enjo\";s:5:\"email\";s:24:\"prastya.rini95@gmail.com\";}', '2021-08-24 20:50:48', 1, 1, 0, 0),
(22, 'Tanti', 36, 'a:10:{s:4:\"name\";s:10:\"Evelynshop\";s:5:\"owner\";s:5:\"Tanti\";s:4:\"desc\";s:31:\"Pakaian sebagian besar konveksi\";s:7:\"address\";s:46:\"Perum Griya Praja Indah Jl P Bali 81 Purwodadi\";s:5:\"phone\";s:12:\"081390915267\";s:5:\"media\";s:19:\"Logo_Evelynshop.png\";s:3:\"lat\";s:9:\"-7.083540\";s:4:\"long\";s:10:\"110.890679\";s:2:\"ig\";s:16:\"ig : eve_lynshop\";s:5:\"email\";s:25:\"evelynaldiandra@gmail.com\";}', '2021-08-24 20:50:48', 1, 0, 0, 0),
(24, 'Tri Agung Prasetyo', 28, 'a:10:{s:4:\"name\";s:22:\"Goodel - Good Delivery\";s:5:\"owner\";s:18:\"Tri Agung Prasetyo\";s:4:\"desc\";s:39:\"Aplikasi Belanja Online dan Pesan Antar\";s:7:\"address\";s:34:\"Jl. Tanggul Sari RT 04 RW 11 Gubug\";s:5:\"phone\";s:12:\"088233477423\";s:5:\"media\";s:24:\"Goodel_Good_Delivery.png\";s:3:\"lat\";s:0:\"\";s:4:\"long\";N;s:2:\"ig\";s:19:\"fb : Gubug Delivery\";s:5:\"email\";s:18:\"appssitu@gmail.com\";}', '2021-08-24 20:50:48', 1, 1, 0, 0),
(26, 'Wahyu Purjiyanti', 36, 'a:10:{s:4:\"name\";s:11:\"We Em Rajut\";s:5:\"owner\";s:16:\"Wahyu Purjiyanti\";s:4:\"desc\";s:111:\"We.eM Rajut ???? Jual berbagai macam TAS RAJUT, DOMPET RAJUT, TAS RANSEL, DOMPET, TOTEBAG, SLINGBAG, STRINGBAG.\";s:7:\"address\";s:32:\"Jl. Banyuono II No. 25 Purwodadi\";s:5:\"phone\";s:12:\"085640742535\";s:5:\"media\";s:20:\"Logo_We_Em_Rajut.jpg\";s:3:\"lat\";s:8:\"-7.08523\";s:4:\"long\";s:9:\"110.91088\";s:2:\"ig\";s:16:\"ig: @we.em_rajut\";s:5:\"email\";s:27:\"wahyupurjiyanti17@gmail.com\";}', '2021-08-24 20:50:49', 1, 1, 0, 0),
(27, 'sugiris', 36, 'a:10:{s:4:\"name\";s:19:\"Aksesoris Prodistro\";s:5:\"owner\";s:7:\"sugiris\";s:4:\"desc\";s:17:\"bahan berkualitas\";s:7:\"address\";s:35:\"Luwes Pasar Raya Lantai 2 Purwodadi\";s:5:\"phone\";s:12:\"083127974188\";s:5:\"media\";s:0:\"\";s:3:\"lat\";s:0:\"\";s:4:\"long\";N;s:2:\"ig\";s:0:\"\";s:5:\"email\";s:0:\"\";}', '2021-08-24 20:50:49', 1, 1, 0, 0),
(28, 'Naimatut Tafrikah', 36, 'a:10:{s:4:\"name\";s:14:\"Syakila Amanah\";s:5:\"owner\";s:17:\"Naimatut Tafrikah\";s:4:\"desc\";s:205:\"Selalu ada cara untuk mengungkapkan rasa yang bisa mewakili semuanya, salah satunya produk Syakila Amanah Bakery yaitu Donat Kentang Purwodadi selain gede dan murah serta lembut dimulut juga nyaman diperut\";s:7:\"address\";s:75:\"Dusun Ngampel RT 04/ RW 08, Desa Panunggalan, Kec. Purwodadi, Kab. Grobogan\";s:5:\"phone\";s:11:\"08121595543\";s:5:\"media\";s:16:\"Logo_Syakila.jpg\";s:3:\"lat\";s:9:\"-7.141848\";s:4:\"long\";s:10:\"111.079009\";s:2:\"ig\";s:41:\"ig : @donatkentangpurwodadi / fb: tafrika\";s:5:\"email\";s:22:\"syakilamaysa@gmail.com\";}', '2021-08-24 20:50:56', 1, 1, 0, 0),
(29, 'Maulana Agung Nugraha', 27, 'a:10:{s:4:\"name\";s:15:\"Susu Segar STMJ\";s:5:\"owner\";s:21:\"Maulana Agung Nugraha\";s:4:\"desc\";s:148:\"Minuman Susu Sapi Segar yang diperah langsung dari Tempatnya, STMJ adalah minuman segar yang dipadukan Susu Telur Madu Jahe adalah minuman kesehatan\";s:7:\"address\";s:51:\"Jl. Pati - Purwodadi Demangan RT04 RW 02 Ngabenrejo\";s:5:\"phone\";s:13:\"0895367156197\";s:5:\"media\";s:23:\"Logo_Susu_Segar_M26.png\";s:3:\"lat\";s:0:\"\";s:4:\"long\";N;s:2:\"ig\";s:17:\"ig : Susu_segar26\";s:5:\"email\";s:23:\"maulanaagungn@gmail.com\";}', '2021-08-24 20:50:49', 1, 1, 0, 0),
(34, 'Ayu', 39, 'a:10:{s:4:\"name\";s:18:\"Jasuke Kangen Roso\";s:5:\"owner\";s:3:\"Ayu\";s:4:\"desc\";s:57:\"Di buat dari jagung manis asli, tanpa pengawet, tanpa msg\";s:7:\"address\";s:17:\"Jl.Tegowanu Kulon\";s:5:\"phone\";s:12:\"085701255525\";s:5:\"media\";s:27:\"Logo_Jasuke_Kangen_Roso.jpg\";s:3:\"lat\";s:0:\"\";s:4:\"long\";N;s:2:\"ig\";s:0:\"\";s:5:\"email\";s:19:\"adyah2529@gmail.com\";}', '2021-08-24 20:50:49', 1, 1, 0, 0),
(36, 'Sigit Faisal Ahmad', 28, 'a:10:{s:4:\"name\";s:12:\"Hehe Project\";s:5:\"owner\";s:18:\"Sigit Faisal Ahmad\";s:4:\"desc\";s:62:\"Terima jasa Foto nikahan, wisuda, perjalanan, dokumentasi, dll\";s:7:\"address\";s:40:\"Ringinkidul RT 3 RW 1 Ringinkidul, Gubug\";s:5:\"phone\";s:12:\"082260126315\";s:5:\"media\";s:21:\"Logo_Hehe_Project.jpg\";s:3:\"lat\";s:0:\"\";s:4:\"long\";N;s:2:\"ig\";s:16:\"ig @sigitfaisal7\";s:5:\"email\";s:22:\"sigitfaisal7@gmail.com\";}', '2021-08-24 20:50:49', 1, 1, 0, 0),
(38, 'Saiful', 34, 'a:10:{s:4:\"name\";s:10:\"Potography\";s:5:\"owner\";s:6:\"Saiful\";s:4:\"desc\";s:30:\"Jasa photo di acara pernikahan\";s:7:\"address\";s:25:\"RT6 RW1 Kluwan Penawangan\";s:5:\"phone\";s:12:\"085225345450\";s:5:\"media\";s:0:\"\";s:3:\"lat\";s:10:\"-7.0939052\";s:4:\"long\";s:11:\"110.8537711\";s:2:\"ig\";s:12:\"ig @ipoel_up\";s:5:\"email\";s:20:\"ipoeljelex@gmail.com\";}', '2021-08-24 20:50:49', 1, 1, 0, 0),
(39, 'Muhammat Anwar', 40, 'a:10:{s:4:\"name\";s:14:\"MA Photography\";s:5:\"owner\";s:14:\"Muhammat Anwar\";s:4:\"desc\";s:0:\"\";s:7:\"address\";s:20:\"Gendingan RT:9/RW:11\";s:5:\"phone\";s:12:\"082225161589\";s:5:\"media\";s:0:\"\";s:3:\"lat\";s:9:\"-7.135906\";s:4:\"long\";s:10:\"110.906273\";s:2:\"ig\";s:22:\"ig : @ma_photography89\";s:5:\"email\";s:19:\"exprojjak@gmail.com\";}', '2021-08-24 20:50:49', 1, 1, 0, 0),
(40, 'Sri sundari', 28, 'a:10:{s:4:\"name\";s:27:\"Srikandi Rahayu Kue Mangkok\";s:5:\"owner\";s:11:\"Sri sundari\";s:4:\"desc\";s:84:\"Makanan sehat dan bahan pilihan menghadilkan cita rasa yg nikmat dan aman dikonsumsi\";s:7:\"address\";s:35:\"Dukoh Gubug Timur RT 01 Rw 12.Gubug\";s:5:\"phone\";s:12:\"081390110604\";s:5:\"media\";s:29:\"Logo_Kue_Mangkok_Srikandi.jpg\";s:3:\"lat\";s:0:\"\";s:4:\"long\";N;s:2:\"ig\";s:0:\"\";s:5:\"email\";s:0:\"\";}', '2021-08-24 20:50:49', 1, 1, 0, 0),
(41, 'Dewi kumalasari', 36, 'a:10:{s:4:\"name\";s:20:\"Rumah Roti Al Hikmah\";s:5:\"owner\";s:15:\"Dewi kumalasari\";s:4:\"desc\";s:70:\"Fresh homemade dan tanpa bahan pengawet sehingga aman untuk dikonsumsi\";s:7:\"address\";s:75:\"Jl Kauman Selatan Gg Ulama No 8 Kel/Kec Purwodadi Kab Grobogan Jateng 58111\";s:5:\"phone\";s:12:\"081215557888\";s:5:\"media\";s:29:\"Logo_Rumah_Roti_Al_Hikmah.png\";s:3:\"lat\";s:10:\"-7.0629324\";s:4:\"long\";s:10:\"110.894036\";s:2:\"ig\";s:22:\"ig : rumahrotialhikmah\";s:5:\"email\";s:18:\"mbunkzzz@yahoo.com\";}', '2021-08-24 20:50:49', 1, 1, 0, 0),
(42, 'ERMA', 36, 'a:10:{s:4:\"name\";s:5:\"Ersha\";s:5:\"owner\";s:4:\"ERMA\";s:4:\"desc\";s:55:\"Kue Kering dan Brambang Goreng camilan yang menyehatkan\";s:7:\"address\";s:50:\"Jl. Melati I/5 Sambak Indah Danyang Purwodadi Grob\";s:5:\"phone\";s:12:\"081226092366\";s:5:\"media\";s:0:\"\";s:3:\"lat\";s:9:\"-7.168516\";s:4:\"long\";s:11:\" 110.959560\";s:2:\"ig\";s:0:\"\";s:5:\"email\";s:22:\"erma.noor651@gmail.com\";}', '2021-08-24 20:50:49', 1, 1, 0, 0),
(43, 'Aldi', 28, 'a:10:{s:4:\"name\";s:12:\"Sevenproject\";s:5:\"owner\";s:4:\"Aldi\";s:4:\"desc\";s:37:\"Vidio grafer dibidang travel and tour\";s:7:\"address\";s:19:\"Jln . Trisari RW 02\";s:5:\"phone\";s:12:\"085870431700\";s:5:\"media\";s:22:\"Logo_Sevenproject.jpeg\";s:3:\"lat\";s:9:\"-7.090116\";s:4:\"long\";s:10:\"110.677970\";s:2:\"ig\";s:19:\"ig : @sevenproject1\";s:5:\"email\";s:33:\"muhammadmalikaldiansyah@gmail.com\";}', '2021-08-24 20:50:49', 1, 1, 0, 0),
(45, 'Ira', 23, 'a:10:{s:4:\"name\";s:9:\"Omah Roti\";s:5:\"owner\";s:3:\"Ira\";s:4:\"desc\";s:36:\"Makanan enak bersih terjangkau halal\";s:7:\"address\";s:23:\"Desa Tirem Dusun Ngalwu\";s:5:\"phone\";s:12:\"081327922945\";s:5:\"media\";s:18:\"Logo_Omah_Roti.jpg\";s:3:\"lat\";s:0:\"\";s:4:\"long\";N;s:2:\"ig\";s:13:\"fb : Omahroti\";s:5:\"email\";s:23:\"riairawati049@gmail.com\";}', '2021-08-24 20:50:49', 1, 1, 0, 0),
(47, 'Nurafifah', 41, 'a:10:{s:4:\"name\";s:18:\"Batik Tulis Aldifa\";s:5:\"owner\";s:9:\"Nurafifah\";s:4:\"desc\";s:73:\"Bahan halus,kwalitas warna cerah tak mudah pudar,nyaman dan adem di badan\";s:7:\"address\";s:72:\"Jln Diponegoro Lingkungan Setolan RT 04/05 Wirosari Grobogan Jawa Tengah\";s:5:\"phone\";s:12:\"082136597075\";s:5:\"media\";s:27:\"Logo_Batik_Tulis_Aldifa.jpg\";s:3:\"lat\";s:0:\"\";s:4:\"long\";N;s:2:\"ig\";s:24:\"fb : Nurafi aldifa batik\";s:5:\"email\";s:22:\"nurafipwd123@gmail.com\";}', '2021-08-24 20:50:49', 1, 1, 0, 0),
(48, 'Purjiyem', 40, 'a:10:{s:4:\"name\";s:15:\"Rengginang Echo\";s:5:\"owner\";s:8:\"Purjiyem\";s:4:\"desc\";s:217:\"Rengginang ketan terbuat dari beras ketan pilihan kualitas bagus. Di tambah bumbu dapur membuat cita rasa yang khas. Banyak pilihan Rasa Manis dan Gurih, enak dan renyah dan juga rengginang ketan hitam manis dan gurih\";s:7:\"address\";s:63:\"Dusun Kernekan RT 05 RW 07 Kel Tunggak, Kec Toroh, Kab Grobogan\";s:5:\"phone\";s:12:\"081328573898\";s:5:\"media\";s:24:\"Logo_Rengginang_Echo.jpg\";s:3:\"lat\";s:0:\"\";s:4:\"long\";N;s:2:\"ig\";s:0:\"\";s:5:\"email\";s:20:\"purjiyem18@gmail.com\";}', '2021-08-24 20:50:49', 1, 1, 0, 0),
(50, 'endang patmo wati', 29, 'a:10:{s:4:\"name\";s:9:\"Dua Putra\";s:5:\"owner\";s:17:\"endang patmo wati\";s:4:\"desc\";s:122:\"kripik pisang dua putra aneka kue kering dua putra cemilan sehat berbahan baku hasil tani cocok buat cemilan dan oleh oleh\";s:7:\"address\";s:48:\"Dsn Tukelan RT 07/04 Sendang Harjo Karang Rayung\";s:5:\"phone\";s:12:\"082328611629\";s:5:\"media\";s:18:\"Logo_Dua_Putra.jpg\";s:3:\"lat\";s:0:\"\";s:4:\"long\";N;s:2:\"ig\";s:0:\"\";s:5:\"email\";s:30:\"endangpatmowati19727@gmail.com\";}', '2021-08-24 20:50:49', 1, 1, 0, 0),
(51, 'Martiana dwi puspita', 36, 'a:10:{s:4:\"name\";s:17:\"Mbahe Wedang uwuh\";s:5:\"owner\";s:20:\"Martiana dwi puspita\";s:4:\"desc\";s:14:\"Minuman herbal\";s:7:\"address\";s:40:\"Hutan Kota Jln Untung Surapati Purwodadi\";s:5:\"phone\";s:12:\"083334809152\";s:5:\"media\";s:0:\"\";s:3:\"lat\";s:10:\"-7.0958212\";s:4:\"long\";s:11:\"110.9100982\";s:2:\"ig\";s:50:\"ig : @martiana_paijem , tokopedia : mbahe wedangan\";s:5:\"email\";s:28:\"martianadwipuspita@gmail.com\";}', '2021-08-24 20:50:49', 1, 1, 0, 0),
(52, 'Mohamad imam saeroni', 23, 'a:10:{s:4:\"name\";s:20:\"Pusat kerajinan Babe\";s:5:\"owner\";s:20:\"Mohamad imam saeroni\";s:4:\"desc\";s:78:\"Memanfaatkan limbah banbekas  yg kita bikin pot bunga yg cantik dan tahan lama\";s:7:\"address\";s:27:\"Ds.Tirem RT3 RW1  Kec.Brati\";s:5:\"phone\";s:12:\"082226050245\";s:5:\"media\";s:0:\"\";s:3:\"lat\";s:0:\"\";s:4:\"long\";N;s:2:\"ig\";s:18:\"ig : @warkopgaul57\";s:5:\"email\";s:22:\"saechanel865@gmail.com\";}', '2021-08-24 20:50:49', 1, 1, 0, 0),
(53, 'Miftakul hilal', 35, 'a:10:{s:4:\"name\";s:20:\"Telor Asin 3 Bintang\";s:5:\"owner\";s:14:\"Miftakul hilal\";s:4:\"desc\";s:44:\"Makanan sehat. Yg bervitamin dan ber omega 3\";s:7:\"address\";s:57:\"Dsn Tengger. Ds Sembungharjo. Kec Pulokulon. Kab Grobogan\";s:5:\"phone\";s:12:\"085325373026\";s:5:\"media\";s:28:\"Logo_Telur_Asin_3Bintang.jpg\";s:3:\"lat\";s:0:\"\";s:4:\"long\";N;s:2:\"ig\";s:14:\"ig : @mhilal69\";s:5:\"email\";s:25:\"mhilalbintang20@gmail.com\";}', '2021-08-24 20:50:49', 1, 1, 0, 0),
(54, 'Rokhimin', 39, 'a:10:{s:4:\"name\";s:11:\"Limin Snack\";s:5:\"owner\";s:8:\"Rokhimin\";s:4:\"desc\";s:56:\"Makanan yang sehat dan berkwalitas tanpa bahan pengawet \";s:7:\"address\";s:57:\"Boeh RT 01 Rw 01 Desa Tlogorejo Kec Tegowanu Kab Grobogan\";s:5:\"phone\";s:26:\"085640550572. 087717142107\";s:5:\"media\";s:0:\"\";s:3:\"lat\";s:10:\"-7.0544286\";s:4:\"long\";s:11:\"110.5984421\";s:2:\"ig\";s:0:\"\";s:5:\"email\";s:23:\"liminseluler@gmail.com \";}', '2021-08-24 20:50:49', 1, 1, 0, 0),
(55, 'yudha arifika', 41, 'a:10:{s:4:\"name\";s:12:\"Hapzz Donuts\";s:5:\"owner\";s:13:\"yudha arifika\";s:4:\"desc\";s:58:\"hapzz donat donat nya kentang lembut donat nya bikin nagih\";s:7:\"address\";s:96:\"Jl. Raya Tegalreji Karangasem, Desa Karangasem RT 4 RW 1 (Sebelah Apotek Mugiwaras 2 Karangasem)\";s:5:\"phone\";s:12:\"081226900400\";s:5:\"media\";s:21:\"Logo_Hapzz_Donuts.jpg\";s:3:\"lat\";s:9:\"-7.003760\";s:4:\"long\";s:10:\"111.111003\";s:2:\"ig\";s:18:\"ig : @hapzz_donuts\";s:5:\"email\";s:0:\"\";}', '2021-08-24 20:50:49', 1, 1, 0, 0),
(57, 'Endang sri leatariGrobogan,5 d', 29, 'a:10:{s:4:\"name\";s:23:\"Azza Snack dan Catering\";s:5:\"owner\";s:41:\"Endang sri leatariGrobogan,5 desember1979\";s:4:\"desc\";s:14:\"Bolu gula jawa\";s:7:\"address\";s:51:\"Sumber Barat RT.06 RW.01 Sumberjosari Karang Rayung\";s:5:\"phone\";s:12:\"082327960713\";s:5:\"media\";s:32:\"Logo_Azza_Snack_dan_Catering.jpg\";s:3:\"lat\";s:9:\"-7.168516\";s:4:\"long\";s:10:\"110.959560\";s:2:\"ig\";s:0:\"\";s:5:\"email\";s:22:\"endang659236@gmail.com\";}', '2021-08-24 20:50:49', 1, 1, 0, 0),
(59, 'Rokhim LED', 34, 'a:10:{s:4:\"name\";s:45:\"Rokhim LED Produsen Jam Jadwal Sholat Digital\";s:5:\"owner\";s:10:\"Rokhim LED\";s:4:\"desc\";s:27:\"Jam jadwal sholat otomatis \";s:7:\"address\";s:67:\"Jl. Penawangan Sedadi Km 4 Dsn Tumbal RT 03 RW 03 Kluwan Penawangan\";s:5:\"phone\";s:12:\"085802743053\";s:5:\"media\";s:19:\"Logo_Rokhim_LED.jpg\";s:3:\"lat\";s:9:\"-7.088544\";s:4:\"long\";s:10:\"110.850370\";s:2:\"ig\";s:0:\"\";s:5:\"email\";s:25:\"rokhimprojec034@gmail.com\";}', '2021-08-24 20:50:49', 1, 1, 0, 0),
(60, 'Oktavia', 36, 'a:10:{s:4:\"name\";s:13:\"Dapur Oktavia\";s:5:\"owner\";s:7:\"Oktavia\";s:4:\"desc\";s:93:\"Makanan sehat dan bahan berkwalitas menghasilkan cita rasa yang tinggi aman untuk di konsumsi\";s:7:\"address\";s:24:\"Desa Cingkrang RT09/RW01\";s:5:\"phone\";s:12:\"087732166115\";s:5:\"media\";s:22:\"Logo_Dapur_Oktavia.jpg\";s:3:\"lat\";s:0:\"\";s:4:\"long\";N;s:2:\"ig\";s:0:\"\";s:5:\"email\";s:0:\"\";}', '2021-08-24 20:50:50', 1, 1, 0, 0),
(62, 'Purminahgr', 40, 'a:10:{s:4:\"name\";s:18:\"Nasi Jagung Instan\";s:5:\"owner\";s:10:\"Purminahgr\";s:4:\"desc\";s:152:\"Nasi jagung instan, nasi jagung kristal, rasteja, tiwul instan, tepung tiwul makanan sehat dan bahan berkwalitas aman dikonsumsi buat anak maupun dewasa\";s:7:\"address\";s:68:\"Jl Kemuning RT 04 RW 03 Desa Boloh Kec : Toroh Kab : Grobogan Jateng\";s:5:\"phone\";s:12:\"081382338000\";s:5:\"media\";s:0:\"\";s:3:\"lat\";s:8:\"-7.08321\";s:4:\"long\";s:9:\"110.56530\";s:2:\"ig\";s:21:\"fb : purminahpurminah\";s:5:\"email\";s:24:\"purminah.kwt11@gmail.com\";}', '2021-08-24 20:50:50', 1, 1, 0, 0),
(63, 'Susan Andiyani', 29, 'a:10:{s:4:\"name\";s:17:\"Karuna Collection\";s:5:\"owner\";s:14:\"Susan Andiyani\";s:4:\"desc\";s:84:\"Menjual aneka pakaian dari tangan pertama dengan kualitas bagus dan harga terjangkau\";s:7:\"address\";s:42:\"Sumber Barat 6/1 Sumberjosari Karangrayung\";s:5:\"phone\";s:12:\"085640303040\";s:5:\"media\";s:27:\"Logo_Karuna_Collection.jpg\'\";s:3:\"lat\";s:0:\"\";s:4:\"long\";N;s:2:\"ig\";s:74:\"ig : @karunarela, fb : susan andiyani, sri martono. shopee: @susanandiyani\";s:5:\"email\";s:26:\"karuna.sarasvati@gmail.com\";}', '2021-08-24 20:50:50', 1, 0, 0, 0),
(65, 'Sri Widhati', 25, 'a:10:{s:4:\"name\";s:16:\"Rajut \"Kriiyaqu\"\";s:5:\"owner\";s:11:\"Sri Widhati\";s:4:\"desc\";s:122:\"Souvenir, Aksesoris dan Fashion Kerajinan Tangan Rajut dengan bahan benang yang berkualitas dan wearable untuk digunakan. \";s:7:\"address\";s:68:\"Tanjungsari RT. 07/RW.05, Desa Asemrudung, Kec. Geyer, Kab. Grobogan\";s:5:\"phone\";s:12:\"082139970023\";s:5:\"media\";s:23:\"Logo_Rajut_Kriiyaqu.png\";s:3:\"lat\";s:9:\"-7.196545\";s:4:\"long\";s:10:\"110.999472\";s:2:\"ig\";s:50:\"Shopee, tokopedia, bukalapak : @kriiyaqu_raffafelt\";s:5:\"email\";s:18:\"kriiyaqu@gmail.com\";}', '2021-08-24 20:50:50', 1, 1, 0, 0),
(67, 'Nur uhbiyati', 28, 'a:10:{s:4:\"name\";s:27:\"Criping Pisang Mahkota Raja\";s:5:\"owner\";s:12:\"Nur uhbiyati\";s:4:\"desc\";s:121:\" Criping pisang,renyah, manis, Gurih, uenak, memiliki cita rasa yang tinggi,  khas dan cocok di buat cemilan sehari-hari \";s:7:\"address\";s:63:\"Pilanglor RT 03/ Rw 1 Desa Gubug, Kec Gubug, Purwodadi-Grobogan\";s:5:\"phone\";s:12:\"082314930050\";s:5:\"media\";s:0:\"\";s:3:\"lat\";s:0:\"\";s:4:\"long\";N;s:2:\"ig\";s:0:\"\";s:5:\"email\";s:25:\"nuruhbyati@rocketmail.com\";}', '2021-08-24 20:50:50', 1, 1, 0, 0),
(68, 'Novita Dwi Fitriani ', 40, 'a:10:{s:4:\"name\";s:20:\"Pisang Kriukk Novita\";s:5:\"owner\";s:20:\"Novita Dwi Fitriani \";s:4:\"desc\";s:35:\"Jus buah bermanfaat untuk Kesehatan\";s:7:\"address\";s:63:\"Jl.Cendrawasih 1 Toroh, RT 01,RW 03  Desa Sindurejo ,Kec.Toroh \";s:5:\"phone\";s:12:\"081390683324\";s:5:\"media\";s:28:\"Logo_Pisang_kiukk_Novita.jpg\";s:3:\"lat\";s:0:\"\";s:4:\"long\";N;s:2:\"ig\";s:24:\"ig : @pisangkriukknovita\";s:5:\"email\";s:23:\"novita_2101@yahoo.co.id\";}', '2021-08-24 20:50:50', 1, 1, 0, 0),
(69, 'Septiana Zumala Laili', 36, 'a:10:{s:4:\"name\";s:13:\"C n C Delight\";s:5:\"owner\";s:21:\"Septiana Zumala Laili\";s:4:\"desc\";s:8:\"Minuman \";s:7:\"address\";s:48:\"Jl. Hayam Wuruk, Gg. Banaran III No. 4 Purwodadi\";s:5:\"phone\";s:12:\"082135684774\";s:5:\"media\";s:22:\"Logo_C_n_C_Delight.jpg\";s:3:\"lat\";s:0:\"\";s:4:\"long\";N;s:2:\"ig\";s:17:\"ig : @cnc_delight\";s:5:\"email\";s:0:\"\";}', '2021-08-24 20:50:50', 1, 1, 0, 0),
(70, 'Sriyati', 23, 'a:10:{s:4:\"name\";s:20:\"Kerupuk Sayuran Cevy\";s:5:\"owner\";s:7:\"Sriyati\";s:4:\"desc\";s:106:\"Camilan sehat dengan aneka rasa sayuran (bayam, jagung, dan wortel) serta menghasilkan cita rasa yang enak\";s:7:\"address\";s:80:\"Dusun Mangonan RT 04 Rw 06, Desa Karangsari, Kecamatan Brati, Kabupaten Grobogan\";s:5:\"phone\";s:12:\"085845732657\";s:5:\"media\";s:0:\"\";s:3:\"lat\";s:8:\"-7.01224\";s:4:\"long\";s:9:\"110.52227\";s:2:\"ig\";s:37:\"ig : @lapakcevy, shopee : kerupukcevy\";s:5:\"email\";s:19:\"lapakcevy@gmail.com\";}', '2021-08-24 20:50:50', 1, 1, 0, 0),
(71, 'Ambar wati', 26, 'a:10:{s:4:\"name\";s:13:\"KUB MAJU JAYA\";s:5:\"owner\";s:10:\"Ambar wati\";s:4:\"desc\";s:29:\"Olahan pangan lokal.yg sehat.\";s:7:\"address\";s:43:\"Klampok RT 06 RW 01 Kec Godong Kab Grobogan\";s:5:\"phone\";s:15:\"081 326 634 157\";s:5:\"media\";s:0:\"\";s:3:\"lat\";s:9:\"-7.148726\";s:4:\"long\";s:10:\"110.479984\";s:2:\"ig\";s:0:\"\";s:5:\"email\";s:27:\"ambarambarwati048@gmail.com\";}', '2021-08-24 20:50:50', 1, 1, 0, 0),
(72, 'Karieda', 36, 'a:10:{s:4:\"name\";s:11:\"Dapur Rieda\";s:5:\"owner\";s:7:\"Karieda\";s:4:\"desc\";s:131:\"From Home With Love dari Rumah Untuk Cinta..Soal Rasa Tidak Perlu Diragukan, Kebersihan Terjamin Bahan Yg kita Gunakan Berkwalitas.\";s:7:\"address\";s:45:\"Jl Yudistira Ll No 7 Jetis Selatan, Purwodadi\";s:5:\"phone\";s:12:\"081390465885\";s:5:\"media\";s:20:\"Logo_Dapur_Rieda.jpg\";s:3:\"lat\";s:10:\"-7.0957962\";s:4:\"long\";s:11:\"110.9104663\";s:2:\"ig\";s:16:\"ig : @dapurrieda\";s:5:\"email\";s:30:\"kariedawaryoto031091@yahoo.com\";}', '2021-08-24 20:50:50', 1, 1, 0, 0),
(73, 'Faisal Rachmad', 36, 'a:10:{s:4:\"name\";s:32:\"Candy Soup : Burger & Milk Shake\";s:5:\"owner\";s:14:\"Faisal Rachmad\";s:4:\"desc\";s:95:\"Beragam minuman berbasis susu, yakult, biskuit, kopi, soda dan Juga tersedia Burger dan Hot Dog\";s:7:\"address\";s:50:\"Jl A Yani No 63, Depan Kolam Renang Water And Snow\";s:5:\"phone\";s:12:\"089671047292\";s:5:\"media\";s:19:\"Logo_Candy_Soup.jpg\";s:3:\"lat\";s:10:\"-7.0519705\";s:4:\"long\";s:11:\"110.6613980\";s:2:\"ig\";s:16:\"ig : @candy.soup\";s:5:\"email\";s:25:\"faisalrachmad52@gmail.com\";}', '2021-08-24 20:50:50', 1, 1, 0, 0),
(74, 'Nurul azizah', 28, 'a:10:{s:4:\"name\";s:25:\"Brambang Goreng Mak Nurul\";s:5:\"owner\";s:12:\"Nurul azizah\";s:4:\"desc\";s:162:\"Menggunakan bahan pilihan yang berkualitas telah tersertifikasi halal dari MUI dan telah memiliki ijin dari dinas perijinan dan penanaman modal kabupaten grobigan\";s:7:\"address\";s:42:\"Ngroto RT 003 RW 002 Ngroto Gubug Grobogan\";s:5:\"phone\";s:12:\"085640845382\";s:5:\"media\";s:34:\"Logo_Brambang_Goreng_Mak_Nurul.jpg\";s:3:\"lat\";s:10:\"-7.0917755\";s:4:\"long\";s:11:\"110.6987746\";s:2:\"ig\";s:0:\"\";s:5:\"email\";s:19:\"ali.jizah@gmail.com\";}', '2021-08-24 20:50:50', 1, 1, 0, 0),
(76, 'Sri endah muliani', 29, 'a:10:{s:4:\"name\";s:20:\"Aneka Snack Dewi Sri\";s:5:\"owner\";s:17:\"Sri endah muliani\";s:4:\"desc\";s:30:\"Kripik pisang gurih dan renyah\";s:7:\"address\";s:12:\"Sendangharjo\";s:5:\"phone\";s:12:\"081227207617\";s:5:\"media\";s:0:\"\";s:3:\"lat\";s:0:\"\";s:4:\"long\";N;s:2:\"ig\";s:0:\"\";s:5:\"email\";s:14:\"dewisrisendang\";}', '2021-08-24 20:50:50', 1, 1, 0, 0),
(78, 'Sasqia Irmawati Ulla', 41, 'a:10:{s:4:\"name\";s:26:\"Keripik Pisang Agung Karya\";s:5:\"owner\";s:20:\"Sasqia Irmawati Ulla\";s:4:\"desc\";s:111:\"makanan ringan dari bahan terbaik dan pilihan yang menghasilkan cita rasa yang enak dan halal untuk di komsumsi\";s:7:\"address\";s:79:\"Jl. Purwodadi-Blora KM 17, DSN. Tanjungsari 02/03 DS. Tanjungrejo Kec. Wirosari\";s:5:\"phone\";s:13:\"0895322092811\";s:5:\"media\";s:0:\"\";s:3:\"lat\";s:8:\"-7.08975\";s:4:\"long\";s:9:\"111.04921\";s:2:\"ig\";s:19:\"ig : @irmandasyanas\";s:5:\"email\";s:24:\"sasqiairmawati@gmail.com\";}', '2021-08-24 20:50:50', 1, 1, 0, 0),
(80, 'Nur ahmadi', 23, 'a:10:{s:4:\"name\";s:9:\"Handycraf\";s:5:\"owner\";s:10:\"Nur ahmadi\";s:4:\"desc\";s:17:\"Kwalitas di jamin\";s:7:\"address\";s:45:\"Dk Sinawah DS Kronggen Kec Brati Kab Grobogan\";s:5:\"phone\";s:12:\"089505758580\";s:5:\"media\";s:0:\"\";s:3:\"lat\";s:0:\"\";s:4:\"long\";N;s:2:\"ig\";s:0:\"\";s:5:\"email\";s:0:\"\";}', '2021-08-24 20:50:50', 1, 1, 0, 0),
(81, 'Pugarta Dhalur A', 27, 'a:10:{s:4:\"name\";s:10:\"Purun Kopi\";s:5:\"owner\";s:16:\"Pugarta Dhalur A\";s:4:\"desc\";s:104:\"Tradisional Kopi. Dengan penyajian di Kotok. Dan semoga mampu melestarikan budaya minum kopi di Grobogan\";s:7:\"address\";s:44:\"Jl. Pucang Sari No. 2A RT. 01 RW 04 Grobogan\";s:5:\"phone\";s:12:\"085600556656\";s:5:\"media\";s:19:\"Logo_Purun_Kopi.png\";s:3:\"lat\";s:9:\"-7.029188\";s:4:\"long\";s:10:\"110.915400\";s:2:\"ig\";s:15:\"ig : @purunkopi\";s:5:\"email\";s:18:\"mpugarta@gmail.com\";}', '2021-08-24 20:50:50', 1, 1, 0, 0),
(82, 'Kerta Ryatiningsih', 36, 'a:10:{s:4:\"name\";s:18:\"Bawang Goreng UMMI\";s:5:\"owner\";s:18:\"Kerta Ryatiningsih\";s:4:\"desc\";s:101:\"Bawang goreng membuat masakan terasa gurih dan lezat menghasilkan cita rasa dan aman untuk dikonsumsi\";s:7:\"address\";s:28:\"Jl.Madukoro No. 08 Purwodadi\";s:5:\"phone\";s:12:\"081226672045\";s:5:\"media\";s:29:\"Logo_Brambang_Goreng_UMMI.jpg\";s:3:\"lat\";s:8:\"-7.09227\";s:4:\"long\";s:9:\"110.91434\";s:2:\"ig\";s:15:\"ig : @1499_mimi\";s:5:\"email\";s:19:\"ningkerta@gmail.com\";}', '2021-08-24 20:50:50', 1, 1, 0, 0),
(83, 'Sutarmi', 34, 'a:10:{s:4:\"name\";s:27:\"Kripik Pare \"uppks Barokah\"\";s:5:\"owner\";s:7:\"Sutarmi\";s:4:\"desc\";s:54:\"Cemilan sehat,higienis,renyah dimulut ringan dikantong\";s:7:\"address\";s:57:\"Jl.Apel RT.06 Rw.01 Ds Wedoro Kec.Penawangan Kab.Grobogan\";s:5:\"phone\";s:12:\"082236724518\";s:5:\"media\";s:34:\"Logo_Kripik_Pare_uppks_Barokah.jpg\";s:3:\"lat\";s:0:\"\";s:4:\"long\";N;s:2:\"ig\";s:0:\"\";s:5:\"email\";s:23:\"sutarmipare26@gmail.com\";}', '2021-08-24 20:50:51', 1, 1, 0, 0),
(84, 'Didik', 32, 'a:10:{s:4:\"name\";s:33:\"Central Produksi Bambu D\' Saputra\";s:5:\"owner\";s:5:\"Didik\";s:4:\"desc\";s:141:\"Kerajinan bambu salah satunya produksi bronjong sangat di butuhkan stiap saat krena di gunakan sebagai alat pengangkut barang di sepda motor.\";s:7:\"address\";s:51:\"Dusun Plosorejo RT 05 RW.02 Desa Pakis Kec.Kradenan\";s:5:\"phone\";s:12:\"085600328719\";s:5:\"media\";s:24:\"Logo_Bambu_D_Saputra.jpg\";s:3:\"lat\";s:10:\"-7.1693786\";s:4:\"long\";s:11:\"111.0958268\";s:2:\"ig\";s:0:\"\";s:5:\"email\";s:0:\"\";}', '2021-08-24 20:50:51', 1, 1, 0, 0),
(85, 'Suci Nafsiatun', 36, 'a:10:{s:4:\"name\";s:26:\"Batik Tulis Suci Nafsiatun\";s:5:\"owner\";s:14:\"Suci Nafsiatun\";s:4:\"desc\";s:47:\"Bisa untuk kebutuhan seragam / berbagai pakaian\";s:7:\"address\";s:36:\"Jln A Yani Desa Ngraji Kec.Purwodadi\";s:5:\"phone\";s:12:\"085225270261\";s:5:\"media\";s:0:\"\";s:3:\"lat\";s:0:\"\";s:4:\"long\";N;s:2:\"ig\";s:0:\"\";s:5:\"email\";s:27:\"sucinafsiatun1507@gmail.com\";}', '2021-08-24 20:50:51', 1, 1, 0, 0),
(86, 'Hendang Sri Lestari', 32, 'a:10:{s:4:\"name\";s:19:\"Hj Hendang Katering\";s:5:\"owner\";s:19:\"Hendang Sri Lestari\";s:4:\"desc\";s:88:\"Berbagai jenis kue basah dan kering yg enak dari bahan berkualitas aman untuk dikonsumsi\";s:7:\"address\";s:50:\"Dusun Doro, Desa Tanjungsari Kec Kradenan Grobogan\";s:5:\"phone\";s:12:\"085302920045\";s:5:\"media\";s:28:\"Logo_Hj_Hendang_Katering.jpg\";s:3:\"lat\";s:0:\"\";s:4:\"long\";N;s:2:\"ig\";s:0:\"\";s:5:\"email\";s:23:\"hendangdoro77@gmail.com\";}', '2021-08-24 20:50:51', 1, 1, 0, 0),
(87, 'Marmi', 40, 'a:10:{s:4:\"name\";s:25:\"Kripik Tempe Berkah Mulia\";s:5:\"owner\";s:5:\"Marmi\";s:4:\"desc\";s:51:\"Makanan yang bergizi dan sehat dan harga terjangkau\";s:7:\"address\";s:21:\"Jl. Kingdom Glonggong\";s:5:\"phone\";s:12:\"085784470943\";s:5:\"media\";s:35:\"Logo_Keripik_Tempe_Berkah_Mulia.jpg\";s:3:\"lat\";s:0:\"\";s:4:\"long\";N;s:2:\"ig\";s:17:\"ig : @sephia_jaya\";s:5:\"email\";s:0:\"\";}', '2021-08-24 20:50:51', 1, 1, 0, 0),
(88, 'Suyatmi', 36, 'a:10:{s:4:\"name\";s:16:\"Onde Onde Ketawa\";s:5:\"owner\";s:7:\"Suyatmi\";s:4:\"desc\";s:25:\"Olahan gandum modiv mocaf\";s:7:\"address\";s:32:\"Pulo Brangkal 01/07, Karanganyar\";s:5:\"phone\";s:11:\"08157747351\";s:5:\"media\";s:0:\"\";s:3:\"lat\";s:9:\"-7.082104\";s:4:\"long\";s:10:\"110.927696\";s:2:\"ig\";s:0:\"\";s:5:\"email\";s:21:\"suyatmis002@gmail.com\";}', '2021-08-24 20:50:51', 1, 1, 0, 0),
(89, 'Marmi', 40, 'a:10:{s:4:\"name\";s:10:\"Raja Stick\";s:5:\"owner\";s:5:\"Marmi\";s:4:\"desc\";s:81:\"Cemilan sehat bahan berkualitas dan cita rasa yang enak dan aman untuk dikonsumsi\";s:7:\"address\";s:49:\"Jl.Pemuda Dsn Kepuh RT.09/09 Desa Tambirejo Toroh\";s:5:\"phone\";s:12:\"087733196738\";s:5:\"media\";s:19:\"Logo_Raja_Stick.jpg\";s:3:\"lat\";s:0:\"\";s:4:\"long\";N;s:2:\"ig\";s:0:\"\";s:5:\"email\";s:26:\"marmirajasetick@gmail.com \";}', '2021-08-24 20:50:51', 1, 1, 0, 0),
(90, 'Charunia Tri Cahyanti', 33, 'a:10:{s:4:\"name\";s:21:\"Batik Tulis Dewi-Dewi\";s:5:\"owner\";s:21:\"Charunia Tri Cahyanti\";s:4:\"desc\";s:200:\"Batik Tulis adalah seni yang tertoreh kan dikain dari tangan para pencanting remaja dan ibu muda yang menghasilkan karya original dan estetika yg selalu berbeda dengan kualitas prodak yang berkualitas\";s:7:\"address\";s:72:\"Dusun Ledokan RT 004 Rw 002 Desa Ngaringan Kecamatan Ngaringan Grobogan \";s:5:\"phone\";s:12:\"089621426699\";s:5:\"media\";s:19:\"Logo_Batik_Dewi.jpg\";s:3:\"lat\";s:0:\"\";s:4:\"long\";N;s:2:\"ig\";s:0:\"\";s:5:\"email\";s:0:\"\";}', '2021-08-24 20:50:51', 1, 1, 0, 0),
(91, 'Arifin', 40, 'a:10:{s:4:\"name\";s:22:\"Sale Pisang Aroma Rasa\";s:5:\"owner\";s:6:\"Arifin\";s:4:\"desc\";s:21:\"Makanan olahan pisang\";s:7:\"address\";s:54:\"DS , Sukorejo RT 07 RW 05 Kel Kranggan Harjo Kec Toroh\";s:5:\"phone\";s:12:\"082326644312\";s:5:\"media\";s:0:\"\";s:3:\"lat\";s:0:\"\";s:4:\"long\";N;s:2:\"ig\";s:0:\"\";s:5:\"email\";s:21:\"aromarasa29@gmail.com\";}', '2021-08-24 20:50:51', 1, 1, 0, 0),
(92, 'Hartinah', 41, 'a:10:{s:4:\"name\";s:12:\"Kusuma Snack\";s:5:\"owner\";s:8:\"Hartinah\";s:4:\"desc\";s:90:\"Sayuran yg segar dan bahan yg berkwalitas akan menghasilkam makanan yg sehat untuk d makan\";s:7:\"address\";s:41:\"Kl Kranggan RT 01 Rw 07 Wirosari Grobogan\";s:5:\"phone\";s:11:\"08973473369\";s:5:\"media\";s:0:\"\";s:3:\"lat\";s:9:\"-7.077620\";s:4:\"long\";s:10:\"111.089012\";s:2:\"ig\";s:17:\"ig : @kusumasnack\";s:5:\"email\";s:0:\"\";}', '2021-08-24 20:50:51', 1, 1, 0, 0),
(94, 'Ani', 26, 'a:10:{s:4:\"name\";s:16:\"Penjahit Kartini\";s:5:\"owner\";s:3:\"Ani\";s:4:\"desc\";s:60:\"dibutuhkan ketelitian dan kesabaran untuk hasil yg memuaskan\";s:7:\"address\";s:25:\"Jl. Sudirman No 95 Godong\";s:5:\"phone\";s:12:\"081915102552\";s:5:\"media\";s:0:\"\";s:3:\"lat\";s:9:\"-7.023027\";s:4:\"long\";s:10:\"110.774104\";s:2:\"ig\";s:15:\"ig : @daniaanik\";s:5:\"email\";s:0:\"\";}', '2021-08-24 20:50:51', 1, 1, 0, 0),
(95, 'Guruh nuswantari', 36, 'a:10:{s:4:\"name\";s:15:\"Tari Collection\";s:5:\"owner\";s:16:\"Guruh nuswantari\";s:4:\"desc\";s:43:\"Aneka pakaian dan perlengkapan rumah tangga\";s:7:\"address\";s:21:\"Candisari RT 02 RW 01\";s:5:\"phone\";s:12:\"082328403609\";s:5:\"media\";s:24:\"Logo_Tari_Collection.jpg\";s:3:\"lat\";s:0:\"\";s:4:\"long\";N;s:2:\"ig\";s:0:\"\";s:5:\"email\";s:21:\"nuswantari8@gmail.com\";}', '2021-08-24 20:50:51', 1, 0, 0, 0),
(96, 'Murmini', 36, 'a:10:{s:4:\"name\";s:10:\"Indah Rasa\";s:5:\"owner\";s:7:\"Murmini\";s:4:\"desc\";s:56:\"Camilan enak renyah dan gurih yg di sukai semua kalangan\";s:7:\"address\";s:28:\"Jln Raya Purwodadi Solo KM 4\";s:5:\"phone\";s:12:\"087717268908\";s:5:\"media\";s:0:\"\";s:3:\"lat\";s:0:\"\";s:4:\"long\";N;s:2:\"ig\";s:0:\"\";s:5:\"email\";s:22:\"indahrasa.ir@gmail.com\";}', '2021-08-24 20:50:51', 1, 1, 0, 0),
(98, 'Agus Harjanto', 36, 'a:10:{s:4:\"name\";s:26:\"Percetakan Sticker Cutting\";s:5:\"owner\";s:13:\"Agus Harjanto\";s:4:\"desc\";s:64:\"Kreasi sticker cutting untuk logo, simbol, papan nama, dan iklan\";s:7:\"address\";s:27:\"Jl. Bupati Sunarto,  Gading\";s:5:\"phone\";s:11:\"08562738791\";s:5:\"media\";s:0:\"\";s:3:\"lat\";s:0:\"\";s:4:\"long\";N;s:2:\"ig\";s:0:\"\";s:5:\"email\";s:25:\"agusharjanto731@gmail.com\";}', '2021-08-24 20:50:51', 1, 1, 0, 0),
(105, 'Suryadi', 36, 'a:10:{s:4:\"name\";s:16:\"Keripik Singkong\";s:5:\"owner\";s:7:\"Suryadi\";s:4:\"desc\";s:89:\"Makanan cemilan dari singkong berkwalitas berbagai varian rasa dan aman untuk di konsumsi\";s:7:\"address\";s:28:\"Jalan Kapten Rudiyat Danyang\";s:5:\"phone\";s:12:\"087833963606\";s:5:\"media\";s:25:\"Logo_Keripik_Singkong.JPG\";s:3:\"lat\";s:0:\"\";s:4:\"long\";N;s:2:\"ig\";s:0:\"\";s:5:\"email\";s:0:\"\";}', '2021-08-24 20:50:51', 1, 1, 0, 0),
(106, 'Reza Adhitya', 36, 'a:10:{s:4:\"name\";s:11:\"Molu Coffee\";s:5:\"owner\";s:12:\"Reza Adhitya\";s:4:\"desc\";s:69:\"Minuman dari bahan kopi pilihan dan makanan dengan bahan baku premium\";s:7:\"address\";s:30:\"Jl. Gajah Mada No. 4 Purwodadi\";s:5:\"phone\";s:12:\"082322243243\";s:5:\"media\";s:19:\"Logo_Molu_Cofee.png\";s:3:\"lat\";s:9:\"-7.055112\";s:4:\"long\";s:9:\"110.54427\";s:2:\"ig\";s:16:\"ig : @molucoffee\";s:5:\"email\";s:20:\"molucoffee@gmail.com\";}', '2021-08-24 20:50:51', 1, 1, 0, 0),
(108, 'Tino Wahyudi', 32, 'a:10:{s:4:\"name\";s:23:\"Tinonisme Photo and Art\";s:5:\"owner\";s:12:\"Tino Wahyudi\";s:4:\"desc\";s:52:\"Karikatur digital dan wedding photography conseptual\";s:7:\"address\";s:39:\"Dusun Simo Desa Simo Kecamatan Kradenan\";s:5:\"phone\";s:12:\"085226484499\";s:5:\"media\";s:32:\"Logo_Tinonisme_Photo_and_Art.png\";s:3:\"lat\";s:9:\"-7.194993\";s:4:\"long\";s:10:\"111.087482\";s:2:\"ig\";s:27:\"ig : @tinogalery @tinonisme\";s:5:\"email\";s:23:\"tinowahyudi46@gmail.com\";}', '2021-08-24 20:50:51', 1, 1, 0, 0),
(109, 'Bismo Dimas Prakoso', 36, 'a:10:{s:4:\"name\";s:12:\"Cheesy Picks\";s:5:\"owner\";s:19:\"Bismo Dimas Prakoso\";s:4:\"desc\";s:46:\"Makanan olahan ayam dengan berbagai macam saus\";s:7:\"address\";s:29:\"Jl Banyuono 2 No 39 Purwodadi\";s:5:\"phone\";s:12:\"081271747269\";s:5:\"media\";s:0:\"\";s:3:\"lat\";s:10:\"-7.0870113\";s:4:\"long\";s:11:\"110.9108213\";s:2:\"ig\";s:18:\"ig : @cheesy_picks\";s:5:\"email\";s:27:\"bismodimasprakoso@gmail.com\";}', '2021-08-24 20:50:51', 1, 1, 0, 0),
(113, 'Siti zumroh', 26, 'a:10:{s:4:\"name\";s:18:\"Tempe Kripik Ziffa\";s:5:\"owner\";s:11:\"Siti zumroh\";s:4:\"desc\";s:33:\"Makanan sehat dan aman dikonsumsi\";s:7:\"address\";s:20:\"Manggarmas RT/4.RW/4\";s:5:\"phone\";s:12:\"085797806091\";s:5:\"media\";s:0:\"\";s:3:\"lat\";s:0:\"\";s:4:\"long\";N;s:2:\"ig\";s:0:\"\";s:5:\"email\";s:0:\"\";}', '2021-08-24 20:50:51', 1, 1, 0, 0),
(114, 'Tri \'Ulya Qodriyati', 26, 'a:10:{s:4:\"name\";s:18:\"Mi Tek-Tek Instant\";s:5:\"owner\";s:19:\"Tri \'Ulya Qodriyati\";s:4:\"desc\";s:51:\"Mi Tek - Tek Instant komposisi Mi dari tepung mocaf\";s:7:\"address\";s:70:\"Dsn. Plosorejo, RT 008, RW 03, Ds. Kemloko, Kec. Godong, Kab. Grobogan\";s:5:\"phone\";s:12:\"081326559678\";s:5:\"media\";s:19:\"Logo_Mi_Tek_Tek.jpg\";s:3:\"lat\";s:0:\"\";s:4:\"long\";N;s:2:\"ig\";s:21:\"ig : @mitektekinstant\";s:5:\"email\";s:27:\"triulyaqodriyati2@gmail.com\";}', '2021-08-24 20:50:51', 1, 1, 0, 0),
(115, 'Mariya Ervina Susanti', 33, 'a:10:{s:4:\"name\";s:18:\"Teh Daun Tin Gafin\";s:5:\"owner\";s:21:\"Mariya Ervina Susanti\";s:4:\"desc\";s:54:\"Bahan minuman, diolah secara hygienis dan menyehatkan \";s:7:\"address\";s:54:\"Krajan Barat RT 2 RW 2 Tanjungharjo Ngaringan Grobogan\";s:5:\"phone\";s:12:\"081567654171\";s:5:\"media\";s:27:\"Logo_Teh_Daun_Tin_Gafin.jpg\";s:3:\"lat\";s:0:\"\";s:4:\"long\";N;s:2:\"ig\";s:18:\"shopee : @gavinfig\";s:5:\"email\";s:24:\"mariyaervina25@gmail.com\";}', '2021-08-24 20:50:51', 1, 1, 0, 0),
(116, 'Ryan Okitavina', 36, 'a:10:{s:4:\"name\";s:17:\"Lovya Baby Outfit\";s:5:\"owner\";s:14:\"Ryan Okitavina\";s:4:\"desc\";s:70:\"Baju anak-anak dengan model terbaru, harga terjangkau kualitas terbaik\";s:7:\"address\";s:36:\"Jl. Pringgondani II No. 37 Purwodadi\";s:5:\"phone\";s:12:\"081249195820\";s:5:\"media\";s:26:\"Logo_Lovya_Baby_Outfit.jpg\";s:3:\"lat\";s:0:\"\";s:4:\"long\";N;s:2:\"ig\";s:30:\"ig, shopee : @lovya_babyoutfit\";s:5:\"email\";s:23:\"ryanokitavina@gmail.com\";}', '2021-08-24 20:50:51', 1, 0, 0, 0),
(117, 'Budi Utomo', 35, 'a:10:{s:4:\"name\";s:10:\"RK creator\";s:5:\"owner\";s:10:\"Budi Utomo\";s:4:\"desc\";s:20:\"Design logo Branding\";s:7:\"address\";s:0:\"\";s:5:\"phone\";s:12:\"081328152877\";s:5:\"media\";s:19:\"Logo_RK_Creator.jpg\";s:3:\"lat\";s:9:\"-7.150154\";s:4:\"long\";s:10:\"111.148593\";s:2:\"ig\";s:0:\"\";s:5:\"email\";s:24:\"budiedogawa666@gmail.com\";}', '2021-08-24 20:50:51', 1, 1, 0, 0),
(118, 'Kusnaningsih', 35, 'a:10:{s:4:\"name\";s:8:\"BA craft\";s:5:\"owner\";s:12:\"Kusnaningsih\";s:4:\"desc\";s:26:\"Dari sampah menjadi berkah\";s:7:\"address\";s:40:\"Dsn Mlowo RT 01 Rw 1 DS Mlowokarangtalun\";s:5:\"phone\";s:12:\"081227097173\";s:5:\"media\";s:0:\"\";s:3:\"lat\";s:0:\"\";s:4:\"long\";N;s:2:\"ig\";s:13:\"ig : @bacraft\";s:5:\"email\";s:37:\"berkahabadimlowokarangtalun@gmail.com\";}', '2021-08-24 20:50:51', 1, 1, 0, 0),
(119, 'Suliyem', 36, 'a:10:{s:4:\"name\";s:25:\"Keripik Belut Dua Saudara\";s:5:\"owner\";s:7:\"Suliyem\";s:4:\"desc\";s:42:\"Keripik gurih dan renyah,, aman d konsumsi\";s:7:\"address\";s:47:\"Jl Parang Garuda RT 02 RW 08 Kalongan Purwodadi\";s:5:\"phone\";s:12:\"085225086585\";s:5:\"media\";s:0:\"\";s:3:\"lat\";s:0:\"\";s:4:\"long\";N;s:2:\"ig\";s:21:\"ig : @duasaudarasnack\";s:5:\"email\";s:23:\"duasaudaraukm@gmail.com\";}', '2021-08-24 20:50:52', 1, 1, 0, 0),
(120, 'Meirina Hapsari ', 36, 'a:10:{s:4:\"name\";s:24:\"Azzahra Cake and Cookies\";s:5:\"owner\";s:16:\"Meirina Hapsari \";s:4:\"desc\";s:107:\"Aneka Kue kering dan snack makanan ringan dengan bahan berkwalitas yang menghasilkan cita rasa yang tinggi \";s:7:\"address\";s:27:\"Jl.  Soponyono 1 Purwodadi \";s:5:\"phone\";s:12:\"081575715919\";s:5:\"media\";s:34:\"Logo_Azzahra_Cake_and_Cookies.jpeg\";s:3:\"lat\";s:10:\"-7.0845256\";s:4:\"long\";s:11:\"110.9143176\";s:2:\"ig\";s:0:\"\";s:5:\"email\";s:27:\"meirinahapsari28@gmail.com \";}', '2021-08-24 20:50:52', 1, 1, 0, 0),
(121, 'Badrul Anam', 27, 'a:10:{s:4:\"name\";s:10:\"Saksi Mata\";s:5:\"owner\";s:11:\"Badrul Anam\";s:4:\"desc\";s:75:\"Pegiat seni fotografi yang mengandalkan cerita dibalik peristiwa pernikahan\";s:7:\"address\";s:59:\"Dusun Karangjati Desa Putatsari RT 3 Rw 6 Kec./Kab.Grobogan\";s:5:\"phone\";s:12:\"082242658518\";s:5:\"media\";s:20:\"Logo_Saksi_Mata.jpeg\";s:3:\"lat\";s:8:\"-7.02016\";s:4:\"long\";s:9:\"110.57353\";s:2:\"ig\";s:16:\"ig : @saksi.mata\";s:5:\"email\";s:21:\"anambadrul1@gmail.com\";}', '2021-08-24 20:50:52', 1, 1, 0, 0),
(122, 'Hendri hotma sahat s', 36, 'a:10:{s:4:\"name\";s:13:\"Roti Valentin\";s:5:\"owner\";s:20:\"Hendri hotma sahat s\";s:4:\"desc\";s:101:\"Roti bun atau roti untuk hamburger tanpa bawan pengawet dgn cita rasa yg lembut dan aman di konsumsi \";s:7:\"address\";s:31:\"Jl. Hayam Wuruk No 62 Purwodadi\";s:5:\"phone\";s:11:\"08111262244\";s:5:\"media\";s:22:\"Logo_Roti_Valentin.jpg\";s:3:\"lat\";s:0:\"\";s:4:\"long\";N;s:2:\"ig\";s:0:\"\";s:5:\"email\";s:22:\"laristiket@yahoo.co.id\";}', '2021-08-24 20:50:52', 1, 1, 0, 0),
(123, 'Punta Adi Purwana', 36, 'a:10:{s:4:\"name\";s:13:\"Sinok Cuisine\";s:5:\"owner\";s:17:\"Punta Adi Purwana\";s:4:\"desc\";s:39:\"Makan berkwalitas aman untuk dikomsumsi\";s:7:\"address\";s:34:\"Jl. Gunung Sindoro No 19 Purwodadi\";s:5:\"phone\";s:12:\"085870161112\";s:5:\"media\";s:0:\"\";s:3:\"lat\";s:10:\"-7.0988289\";s:4:\"long\";s:11:\"110.9108388\";s:2:\"ig\";s:20:\"ig : @sinok_cuisine_\";s:5:\"email\";s:26:\"purwana.puntaadi@gmail.com\";}', '2021-08-24 20:50:52', 1, 1, 0, 0),
(124, 'Kartini', 32, 'a:10:{s:4:\"name\";s:24:\"Bastia Snack and Cookies\";s:5:\"owner\";s:7:\"Kartini\";s:4:\"desc\";s:75:\"Kue enak sehat aman bahan berkwalitas sehingga sangat enak buat di konsumsi\";s:7:\"address\";s:18:\"Cangkring Grabagan\";s:5:\"phone\";s:12:\"085325086192\";s:5:\"media\";s:22:\"Logo_Bastia_Snack.jpeg\";s:3:\"lat\";s:0:\"\";s:4:\"long\";N;s:2:\"ig\";s:0:\"\";s:5:\"email\";s:18:\"tini4176@gmail.com\";}', '2021-08-24 20:50:52', 1, 1, 0, 0),
(125, 'Kartini', 32, 'a:10:{s:4:\"name\";s:12:\"Erlika Batik\";s:5:\"owner\";s:7:\"Kartini\";s:4:\"desc\";s:33:\"Batik tulis di jamin tidak luntur\";s:7:\"address\";s:18:\"Cangkring Grabagan\";s:5:\"phone\";s:12:\"082322186802\";s:5:\"media\";s:21:\"Logo_Erlika_Batik.jpg\";s:3:\"lat\";s:0:\"\";s:4:\"long\";N;s:2:\"ig\";s:0:\"\";s:5:\"email\";s:18:\"tini4176@gmail.com\";}', '2021-08-24 20:50:52', 1, 1, 0, 0),
(127, 'Andika pasopati', 36, 'a:10:{s:4:\"name\";s:11:\"Janaka Kopi\";s:5:\"owner\";s:15:\"Andika pasopati\";s:4:\"desc\";s:67:\"Menjual kopi dengan grade specialty, sehat tidak bikin asam lambung\";s:7:\"address\";s:47:\"Jln.Untung Suropati No.35 RT.05 RW.19 Purwodadi\";s:5:\"phone\";s:13:\"0895425091188\";s:5:\"media\";s:20:\"Logo_Janaka_Kopi.png\";s:3:\"lat\";s:10:\"-7.0926950\";s:4:\"long\";s:11:\"110.9095869\";s:2:\"ig\";s:16:\"ig : @janaka.pwd\";s:5:\"email\";s:28:\"andikapasopati0995@gmail.com\";}', '2021-08-24 20:50:52', 1, 1, 0, 0),
(128, 'Ririn Oktafiani', 33, 'a:10:{s:4:\"name\";s:34:\"Roemah Keenan Mahar dan Aneka Kado\";s:5:\"owner\";s:15:\"Ririn Oktafiani\";s:4:\"desc\";s:223:\"Kami menerima pesanan mahar dan aneka kado seperti buket bunga, gift box, frame 3D juga frame 2D dengan kualitas bagus dan harga yang terjangkau, kami juga melayani pembelian online atau offline juga tersedia di marketplace\";s:7:\"address\";s:54:\"Dusun Galsari RT.03 RW.02 Desa Sarirejo Kec.Ngaringan \";s:5:\"phone\";s:12:\"085200536589\";s:5:\"media\";s:23:\"Logo_Roemah_Keenan_.jpg\";s:3:\"lat\";s:9:\"-7.113917\";s:4:\"long\";s:10:\"111.155890\";s:2:\"ig\";s:41:\"ig : @roemahkeenan, shopee : @ririnochtaf\";s:5:\"email\";s:22:\"keenankeenes@yahoo.com\";}', '2021-08-24 20:50:52', 1, 1, 0, 0),
(129, 'Siswanto', 24, 'a:10:{s:4:\"name\";s:15:\"Purudhita Batik\";s:5:\"owner\";s:8:\"Siswanto\";s:4:\"desc\";s:65:\"Produk Batik Tulis dengan unggulan pewarna Alam dan 2 kali proses\";s:7:\"address\";s:76:\"Jl.  Soetoyo No. 11 Bungas RT.07/RW.04 Sulursari Kec.  Gabus Kab.  Grobogan \";s:5:\"phone\";s:12:\"082133331211\";s:5:\"media\";s:24:\"Logo_Purudhita_Batik.png\";s:3:\"lat\";s:9:\"-7.179357\";s:4:\"long\";s:10:\"111.217490\";s:2:\"ig\";s:28:\"ig : @purudhitabatikgrobogan\";s:5:\"email\";s:29:\"purudhitabatiktulis@gmail.com\";}', '2021-08-24 20:50:52', 1, 1, 0, 0),
(130, 'Gunadi', 32, 'a:10:{s:4:\"name\";s:28:\"Telur Asap Opera Bleduk Kuwu\";s:5:\"owner\";s:6:\"Gunadi\";s:4:\"desc\";s:30:\"Makanan bergizi, awet dan khas\";s:7:\"address\";s:28:\"Dsn Tegal Kuwu RT 01/01 Kuwu\";s:5:\"phone\";s:12:\"081325521971\";s:5:\"media\";s:0:\"\";s:3:\"lat\";s:0:\"\";s:4:\"long\";N;s:2:\"ig\";s:0:\"\";s:5:\"email\";s:19:\"gunadi291@gmail.com\";}', '2021-08-24 20:50:52', 1, 1, 0, 0),
(131, 'Andreyan Nielsen Dwi Putra', 36, 'a:10:{s:4:\"name\";s:13:\"Disseduh Kopi\";s:5:\"owner\";s:26:\"Andreyan Nielsen Dwi Putra\";s:4:\"desc\";s:133:\"Warung Kopi Khotok yang berkwalitas berdasarkan kopi 100% Robusta menghasilkan rasa yang enak dan sangat enak di konsumsi setiap hari\";s:7:\"address\";s:42:\"Jl Kawuri 1 No.2 , Jetis Timur , Purwodadi\";s:5:\"phone\";s:12:\"081946997209\";s:5:\"media\";s:0:\"\";s:3:\"lat\";s:0:\"\";s:4:\"long\";N;s:2:\"ig\";s:15:\"ig : @di.sseduh\";s:5:\"email\";s:25:\"nielsenandre919@gmail.com\";}', '2021-08-24 20:50:52', 1, 1, 0, 0);
INSERT INTO `trx_usaha` (`id`, `value`, `kecamatan`, `meta`, `created_at`, `created_by`, `active`, `perorangan`, `produksi`) VALUES
(132, 'Ika Purba K', 36, 'a:10:{s:4:\"name\";s:11:\"Cappy Craft\";s:5:\"owner\";s:11:\"Ika Purba K\";s:4:\"desc\";s:96:\"Produk handmade menggunakan bahan berkualitas dengan desain menarik, dapat digunakan sehari-hari\";s:7:\"address\";s:35:\"Jl. Diponegoro 91 Danyang Purwodadi\";s:5:\"phone\";s:12:\"082242564263\";s:5:\"media\";s:21:\"Logo_Cappy_Craft.jpeg\";s:3:\"lat\";s:9:\"-7.107522\";s:4:\"long\";s:10:\"110.911915\";s:2:\"ig\";s:17:\"ig : @cappy_craft\";s:5:\"email\";s:20:\"cappycuppy@gmail.com\";}', '2021-08-24 20:50:52', 1, 1, 0, 0),
(133, 'Indah Sulistyaningsih', 36, 'a:10:{s:4:\"name\";s:18:\"Ayam Geprek Kapten\";s:5:\"owner\";s:21:\"Indah Sulistyaningsih\";s:4:\"desc\";s:68:\"Makanan sehat, bersih, enak, halal, dan aman dikonsumsi setiap hari.\";s:7:\"address\";s:94:\"Jl. Kapten Rusdiyat, RT.006 RW.001, Danyang Selatan, Danyang, Purwodadi, Grobogan, Jawa Tengah\";s:5:\"phone\";s:12:\"081326540890\";s:5:\"media\";s:0:\"\";s:3:\"lat\";s:9:\"-7.102421\";s:4:\"long\";s:10:\"110.908473\";s:2:\"ig\";s:0:\"\";s:5:\"email\";s:36:\"indahsulistyaningsih.indah@gmail.com\";}', '2021-08-24 20:50:52', 1, 1, 0, 0),
(134, 'Restu', 25, 'a:10:{s:4:\"name\";s:23:\"Pizza dan Bollen Kapten\";s:5:\"owner\";s:5:\"Restu\";s:4:\"desc\";s:139:\"Pizza dan bollen dibuat dari bahan premium dan higenis, diracik dengan sentuhan cinta dan seni sehingga menghasilkan citarasa yang sempurna\";s:7:\"address\";s:38:\"Jl Merdeka Krajan 7/8 Ledokdawan Geyer\";s:5:\"phone\";s:14:\"0882 2158 5244\";s:5:\"media\";s:32:\"Logo_Pizza_dan_Bollen_Kapten.png\";s:3:\"lat\";s:9:\"-7.208134\";s:4:\"long\";s:10:\"110.882630\";s:2:\"ig\";s:15:\"fb: pizzatopeng\";s:5:\"email\";s:0:\"\";}', '2021-08-24 20:50:52', 1, 1, 0, 0),
(136, 'Moh Alimin (Mbah cepper)', 23, 'a:10:{s:4:\"name\";s:13:\"Bonggol Mania\";s:5:\"owner\";s:24:\"Moh Alimin (Mbah cepper)\";s:4:\"desc\";s:60:\"Dari barang limbah di olah menjadi bahan yang mempunyai seni\";s:7:\"address\";s:48:\"Dsn.Sinawah RT/03 RW/ 10  Kec.Brati Kab Grobogan\";s:5:\"phone\";s:12:\"082136018007\";s:5:\"media\";s:0:\"\";s:3:\"lat\";s:10:\"-7.0080731\";s:4:\"long\";s:11:\"110.8683690\";s:2:\"ig\";s:0:\"\";s:5:\"email\";s:22:\"mbahceper123@gmail.com\";}', '2021-08-24 20:50:52', 1, 1, 0, 0),
(137, 'Dyah Prijatiningtyas', 36, 'a:10:{s:4:\"name\";s:22:\"Roemah Rajut RnB Craft\";s:5:\"owner\";s:20:\"Dyah Prijatiningtyas\";s:4:\"desc\";s:83:\"produk rajutan dan aksesoris dari benang dan kain menghasilkan barang yang dipakai \";s:7:\"address\";s:43:\"Jl. D.I. Panjaitan No.12 Purwodadi Grobogan\";s:5:\"phone\";s:12:\"081329949376\";s:5:\"media\";s:31:\"Logo_Roemah_Rajut_RnB_Craft.jpg\";s:3:\"lat\";s:10:\"-7.0816952\";s:4:\"long\";s:11:\"110.9194668\";s:2:\"ig\";s:0:\"\";s:5:\"email\";s:25:\"nawangwulan0102@gmail.com\";}', '2021-08-24 20:50:52', 1, 1, 0, 0),
(139, 'Febby Riyanti', 36, 'a:10:{s:4:\"name\";s:11:\"Lala Snack \";s:5:\"owner\";s:13:\"Febby Riyanti\";s:4:\"desc\";s:89:\"Makanan dan snack dengan bahan berkualitas menghasilkan produk yang aman untuk dikonsumsi\";s:7:\"address\";s:31:\"Jl. Ahmad Yani No 298 Purwodadi\";s:5:\"phone\";s:12:\"081326890682\";s:5:\"media\";s:20:\"Logo_Lala_Snack.jpeg\";s:3:\"lat\";s:9:\"-7.077878\";s:4:\"long\";s:10:\"110.880460\";s:2:\"ig\";s:0:\"\";s:5:\"email\";s:21:\"lalasnack18@gmail.com\";}', '2021-08-24 20:50:52', 1, 1, 0, 0),
(141, 'Susilo Utomo', 41, 'a:10:{s:4:\"name\";s:37:\"Pengrajin Pelepah Pisangan Muda Karya\";s:5:\"owner\";s:12:\"Susilo Utomo\";s:4:\"desc\";s:39:\"Kerajinan Kriya berbahan pelepah pisang\";s:7:\"address\";s:47:\"Dusun Randutelu RT 01 RW 05 Tambahrejo Wirosari\";s:5:\"phone\";s:12:\"085226150301\";s:5:\"media\";s:0:\"\";s:3:\"lat\";s:9:\"-7.093390\";s:4:\"long\";s:10:\"111.089421\";s:2:\"ig\";s:51:\"fb: Handicraft Muda Karya, ig : @craftpelepahpisang\";s:5:\"email\";s:19:\"susilowrs@gmail.com\";}', '2021-08-24 20:50:52', 1, 1, 0, 0),
(142, 'Susanto', 36, 'a:10:{s:4:\"name\";s:29:\"Froggrease Pomade dan Pakaian\";s:5:\"owner\";s:7:\"Susanto\";s:4:\"desc\";s:25:\"Bergerak dibidang fashion\";s:7:\"address\";s:43:\"Lingkungan Jajar 006/001 Purwodadi,Grobogan\";s:5:\"phone\";s:12:\"085877070899\";s:5:\"media\";s:38:\"Logo_Froggrease_Pomade_dan_Pakaian.jpg\";s:3:\"lat\";s:9:\"-7.075325\";s:4:\"long\";s:10:\"110.914443\";s:2:\"ig\";s:0:\"\";s:5:\"email\";s:23:\"froggrease481@gmail.com\";}', '2021-08-24 20:50:52', 1, 1, 0, 0),
(143, 'Suparmin ', 34, 'a:10:{s:4:\"name\";s:13:\"Konveksi Tas \";s:5:\"owner\";s:9:\"Suparmin \";s:4:\"desc\";s:30:\"Bahan D300 , 1680 , babyrestop\";s:7:\"address\";s:45:\"Dusun Juragan Watupawon Kecamatan Penawangan \";s:5:\"phone\";s:12:\"082223461792\";s:5:\"media\";s:0:\"\";s:3:\"lat\";s:0:\"\";s:4:\"long\";N;s:2:\"ig\";s:0:\"\";s:5:\"email\";s:26:\"dianfitriyani085@gmail.com\";}', '2021-08-24 20:50:52', 1, 1, 0, 0),
(144, 'Supriyanto', 23, 'a:10:{s:4:\"name\";s:25:\"Ahza Pigura dan Kaligrafi\";s:5:\"owner\";s:10:\"Supriyanto\";s:4:\"desc\";s:153:\"Hiasan dinding kaligrafi, ada hiasan dinding dengan tulisan Arab, yang bukan hanya indah bila di pasang di dinding, tapi bernilai ibadah jika memandang. \";s:7:\"address\";s:43:\"Dsn. Permas RT 04 RW 02 Ds. Kronggen Brati \";s:5:\"phone\";s:12:\"089648861787\";s:5:\"media\";s:0:\"\";s:3:\"lat\";s:0:\"\";s:4:\"long\";N;s:2:\"ig\";s:29:\"fb : Ahzapigura dan kaligrafi\";s:5:\"email\";s:0:\"\";}', '2021-08-24 20:50:53', 1, 1, 0, 0),
(149, 'Sri indarti', 32, 'a:10:{s:4:\"name\";s:11:\"In Konfeksi\";s:5:\"owner\";s:11:\"Sri indarti\";s:4:\"desc\";s:82:\"Baju Couple Wanita & Pria, Sragam, Baju Batik , Baju Muslim, Bantal , Guling Sprei\";s:7:\"address\";s:48:\"Jln. Sengonwetan (RT.05/RW.02) Kradenan Grobogan\";s:5:\"phone\";s:12:\"081329493687\";s:5:\"media\";s:0:\"\";s:3:\"lat\";s:0:\"\";s:4:\"long\";N;s:2:\"ig\";s:0:\"\";s:5:\"email\";s:24:\"sriindartis081@gmail.com\";}', '2021-08-24 20:50:53', 1, 0, 0, 0),
(150, 'Moh Anis Faozi ', 23, 'a:10:{s:4:\"name\";s:19:\"Madani Global Media\";s:5:\"owner\";s:15:\"Moh Anis Faozi \";s:4:\"desc\";s:104:\"Jasa Pembuatan Website dan Toko Online, jasa SEO Google youtu.be dan marketplace, pembuatan aplikasi dll\";s:7:\"address\";s:70:\"Dsn Bantar RT 5 Rw 6 Desa Menduran Kecamatan Brati Kabupaten Grobogan \";s:5:\"phone\";s:12:\"082322530495\";s:5:\"media\";s:0:\"\";s:3:\"lat\";s:0:\"\";s:4:\"long\";N;s:2:\"ig\";s:16:\"ig : @anisfaozi \";s:5:\"email\";s:22:\"mohanisfaozi@gmail.com\";}', '2021-08-24 20:50:53', 1, 1, 0, 0),
(151, 'Suparti', 25, 'a:10:{s:4:\"name\";s:20:\"Linda Batik dan spr \";s:5:\"owner\";s:7:\"Suparti\";s:4:\"desc\";s:19:\"Batik tulis dan cap\";s:7:\"address\";s:40:\"Dsn Tegal Jeruk RT 01/RW 02 Rambat Geyer\";s:5:\"phone\";s:12:\"081229197990\";s:5:\"media\";s:0:\"\";s:3:\"lat\";s:0:\"\";s:4:\"long\";N;s:2:\"ig\";s:19:\"fb : @Suparti batik\";s:5:\"email\";s:28:\"supartibatik248090@gmail.com\";}', '2021-08-24 20:50:53', 1, 1, 0, 0),
(156, 'Riska', 40, 'a:10:{s:4:\"name\";s:10:\"Tata Craft\";s:5:\"owner\";s:5:\"Riska\";s:4:\"desc\";s:155:\"Kotak cincin buatan kami multi fungsi, bisa buat hiasan dan bisa di lepas ,k arena tidak permanen , tapi tetap kokoh tidak mudah lepas , jadi tetap aman ya\";s:7:\"address\";s:39:\"Dsn.Sendangsari 04/07, Tambirejo, Toroh\";s:5:\"phone\";s:12:\"087884995176\";s:5:\"media\";s:19:\"Logo_Tata_Craft.png\";s:3:\"lat\";s:0:\"\";s:4:\"long\";N;s:2:\"ig\";s:57:\"ig : @kotakcincin_purwodadi / shopee: tatacrfat_purwodadi\";s:5:\"email\";s:27:\"riskayustiawati68@gmail.com\";}', '2021-08-24 20:50:53', 1, 1, 0, 0),
(158, 'Isnaini Nurnaningsih', 29, 'a:10:{s:4:\"name\";s:13:\"Mentari Snack\";s:5:\"owner\";s:20:\"Isnaini Nurnaningsih\";s:4:\"desc\";s:49:\"Makanan sehat berkualitas khas kabupaten Grobogan\";s:7:\"address\";s:41:\"Dusun Mojo RT. 003 RW. 004 Desa Mojoagung\";s:5:\"phone\";s:12:\"082225275438\";s:5:\"media\";s:22:\"Logo_Mentari_Snack.jpg\";s:3:\"lat\";s:0:\"\";s:4:\"long\";N;s:2:\"ig\";s:20:\"ig : @mentari_snack_\";s:5:\"email\";s:22:\"snackmentari@gmail.com\";}', '2021-08-24 20:50:53', 1, 1, 0, 0),
(159, 'Lilik Nur Pawi', 26, 'a:10:{s:4:\"name\";s:9:\"Wynstelle\";s:5:\"owner\";s:14:\"Lilik Nur Pawi\";s:4:\"desc\";s:62:\"Kaos lokal yang berkualitas baik dengan harga yang bersahabat \";s:7:\"address\";s:46:\"Dsn Kemantren RT8 RW3 Kec Godong Kab Grobogan \";s:5:\"phone\";s:12:\"085157726323\";s:5:\"media\";s:18:\"Logo_Wynstelle.png\";s:3:\"lat\";s:0:\"\";s:4:\"long\";N;s:2:\"ig\";s:19:\"ig : @wynstelle.18 \";s:5:\"email\";s:23:\"wynstelle.18@gmail.com \";}', '2021-08-24 20:50:53', 1, 1, 0, 0),
(160, 'Ani Maryati ', 40, 'a:10:{s:4:\"name\";s:20:\"Rani\'s Anyaman bambu\";s:5:\"owner\";s:12:\"Ani Maryati \";s:4:\"desc\";s:38:\"Tempat tisu dari bambu back to nature \";s:7:\"address\";s:50:\"RT 04 RW02 Desa Sugihan Kec. Toroh, Kab. Grobogan \";s:5:\"phone\";s:12:\"085225037536\";s:5:\"media\";s:22:\"Logo_Anyaman_Bambu.jpg\";s:3:\"lat\";s:9:\"-7.136364\";s:4:\"long\";s:10:\"110.887916\";s:2:\"ig\";s:20:\"ig : @suwito_intarso\";s:5:\"email\";s:23:\"baaisyiyahsgh@gmail.com\";}', '2021-08-24 20:50:53', 1, 1, 0, 0),
(161, 'Eko Suparyanto', 36, 'a:10:{s:4:\"name\";s:22:\"Lukisan Eko Suparyanto\";s:5:\"owner\";s:14:\"Eko Suparyanto\";s:4:\"desc\";s:30:\"Jasa lukis wajah dan karikatur\";s:7:\"address\";s:54:\"Jl.Glugu Kebondalem RT:06/14 No 12e Purwodadi Grobogan\";s:5:\"phone\";s:12:\"089635958408\";s:5:\"media\";s:0:\"\";s:3:\"lat\";s:0:\"\";s:4:\"long\";N;s:2:\"ig\";s:13:\"ig : @ekosupa\";s:5:\"email\";s:15:\"esupa@ymail.com\";}', '2021-08-24 20:50:53', 1, 1, 0, 0),
(162, 'Nasikhin', 37, 'a:10:{s:4:\"name\";s:26:\"Pisang Aroma Putri Tunggal\";s:5:\"owner\";s:8:\"Nasikhin\";s:4:\"desc\";s:105:\"Makanan yang di buat dengan bahan pilihan dan tanpa bahan pengawet sangat cocok untuk oleh-oleh keluarga.\";s:7:\"address\";s:44:\"Ngambakrejo RT01 RW02,Tanggungharjo Grobogan\";s:5:\"phone\";s:12:\"085290228030\";s:5:\"media\";s:35:\"Logo_Pisang_Aroma_Putri_Tunggal.jpg\";s:3:\"lat\";s:9:\"-7.097730\";s:4:\"long\";s:10:\"110.662880\";s:2:\"ig\";s:18:\"fb : nasikhin khin\";s:5:\"email\";s:22:\"pisangaroma1979@gmail.\";}', '2021-08-24 20:50:53', 1, 1, 0, 0),
(163, 'Dedy Arochny', 36, 'a:10:{s:4:\"name\";s:15:\"Aron Bstr Store\";s:5:\"owner\";s:12:\"Dedy Arochny\";s:4:\"desc\";s:48:\"Menjual kaos, tas, hoodie, jaket produk sendiri \";s:7:\"address\";s:31:\"Jln. MH Thamrin No 14 Purwodadi\";s:5:\"phone\";s:12:\"082226292282\";s:5:\"media\";s:25:\"Logo_Aron_Bstr_Store.jpeg\";s:3:\"lat\";s:0:\"\";s:4:\"long\";N;s:2:\"ig\";s:26:\"ig : @aronbstr.uncertainty\";s:5:\"email\";s:21:\"odiearochny@gmail.com\";}', '2021-08-24 20:50:53', 1, 1, 0, 0),
(164, 'Muhammad Toha', 41, 'a:10:{s:4:\"name\";s:19:\"Alghozaly Furniture\";s:5:\"owner\";s:13:\"Muhammad Toha\";s:4:\"desc\";s:76:\"Produk mabel berkualitas tinggi dengan bahan kayu jati dan finishing terbaik\";s:7:\"address\";s:50:\"Jl. Kuwu-Wirosari Km 03 Desa Kalirejo Kec Wirosari\";s:5:\"phone\";s:12:\"082220222321\";s:5:\"media\";s:0:\"\";s:3:\"lat\";s:9:\"-7.089315\";s:4:\"long\";s:10:\"111.094870\";s:2:\"ig\";s:25:\"ig : @alghozaly_furniture\";s:5:\"email\";s:23:\"alghozalytoha@gmail.com\";}', '2021-08-24 20:50:53', 1, 1, 0, 0),
(165, 'Yuni Fatmawati ', 32, 'a:10:{s:4:\"name\";s:25:\"Bolu dan Kue Tart Barokah\";s:5:\"owner\";s:15:\"Yuni Fatmawati \";s:4:\"desc\";s:35:\"Makanan sehat tanpa bahan pengawet \";s:7:\"address\";s:45:\"Jl. Cempaka 04/02 Kembangan-Kuwu Kec.Kradenan\";s:5:\"phone\";s:12:\"085326656432\";s:5:\"media\";s:34:\"Logo_Bolu_dan_Kue_Tart_Barokah.jpg\";s:3:\"lat\";s:9:\"-7.125064\";s:4:\"long\";s:10:\"111.124850\";s:2:\"ig\";s:0:\"\";s:5:\"email\";s:26:\"fatmawatiyuni45@gmail.com \";}', '2021-08-24 20:50:53', 1, 1, 0, 0),
(166, 'Ninik Istiyani', 40, 'a:10:{s:4:\"name\";s:39:\"Keripik Pare dan Keripik Terong Jasella\";s:5:\"owner\";s:14:\"Ninik Istiyani\";s:4:\"desc\";s:25:\"Aneka keripik menyehatkan\";s:7:\"address\";s:47:\"Dsn.Kernekan RT.01/RW.06, DS.Tunggak, Kec.Toroh\";s:5:\"phone\";s:12:\"085225445335\";s:5:\"media\";s:0:\"\";s:3:\"lat\";s:0:\"\";s:4:\"long\";N;s:2:\"ig\";s:0:\"\";s:5:\"email\";s:21:\"budikaryadi@gmail.com\";}', '2021-08-24 20:50:53', 1, 1, 0, 0),
(167, 'Suparmi', 41, 'a:10:{s:4:\"name\";s:24:\"Kelompok Batik Penadaran\";s:5:\"owner\";s:7:\"Suparmi\";s:4:\"desc\";s:50:\"Pembuatan kain batik yang mempunyai ciri khas desa\";s:7:\"address\";s:21:\"Tegalrejo RT 04 RW 03\";s:5:\"phone\";s:12:\"081578813166\";s:5:\"media\";s:0:\"\";s:3:\"lat\";s:0:\"\";s:4:\"long\";N;s:2:\"ig\";s:0:\"\";s:5:\"email\";s:20:\"parmisu314@gmail.com\";}', '2021-08-24 20:50:53', 1, 1, 0, 0),
(169, 'Sulistiyana ', 40, 'a:10:{s:4:\"name\";s:21:\"Sale Pisang Diva Rasa\";s:5:\"owner\";s:12:\"Sulistiyana \";s:4:\"desc\";s:245:\"Makanan dengan bahan yang dihasilkan oleh masyarakat Grobogan. Dengan cara dari produksi yang higienis dengan mengutamakan cita rasa yang baik.  Kemasan atau packing dengan menggunakan kemasan plastik yang bagus. Sehingga aman untuk dikonsumsi. \";s:7:\"address\";s:72:\"Dsn. Sendang Sari RT 01 RW 07 Desa Tambirejo Toroh Grobogan Jawa Tengah \";s:5:\"phone\";s:11:\"08772872470\";s:5:\"media\";s:0:\"\";s:3:\"lat\";s:0:\"\";s:4:\"long\";N;s:2:\"ig\";s:0:\"\";s:5:\"email\";s:23:\"cenilriyanto@gmail.com \";}', '2021-08-24 20:50:53', 1, 1, 0, 0),
(170, 'Murtini', 41, 'a:10:{s:4:\"name\";s:20:\"Roti Semprong (PDS) \";s:5:\"owner\";s:7:\"Murtini\";s:4:\"desc\";s:92:\"Makanan sehat berkwalitas bahan pilihan menciptakan citarasa yang tinggi dan aman dikonsumsi\";s:7:\"address\";s:36:\"Jln. Kusumabangsa (No.73) Lk Bandang\";s:5:\"phone\";s:12:\"085225370099\";s:5:\"media\";s:0:\"\";s:3:\"lat\";s:0:\"\";s:4:\"long\";N;s:2:\"ig\";s:0:\"\";s:5:\"email\";s:18:\"naryogt1@gmail.com\";}', '2021-08-24 20:50:54', 1, 1, 0, 0),
(171, 'Muhamad Subandiyo', 31, 'a:10:{s:4:\"name\";s:25:\"Lukisan Muhamad Subandiyo\";s:5:\"owner\";s:17:\"Muhamad Subandiyo\";s:4:\"desc\";s:47:\"Seni Rupa Adalah Bagian Dari Etalase Kehidupan.\";s:7:\"address\";s:77:\"(Studio Omah Seni )Dusun Taban, RT02/ Rw04 Kel Jenengan, Kec Klambu, Grobogan\";s:5:\"phone\";s:12:\"089677533116\";s:5:\"media\";s:0:\"\";s:3:\"lat\";s:0:\"\";s:4:\"long\";N;s:2:\"ig\";s:20:\"ig : @ahmadsubandiyo\";s:5:\"email\";s:17:\"asdie06@gmail.com\";}', '2021-08-24 20:50:54', 1, 1, 0, 0),
(173, 'Mido Malandu', 36, 'a:10:{s:4:\"name\";s:45:\"Jasa Pembuat Ilustrasi dan Mural Mido Malandu\";s:5:\"owner\";s:12:\"Mido Malandu\";s:4:\"desc\";s:78:\"logo dan ilustrasi yang \'diracik\' oleh ilustrator lokal kualitas internasional\";s:7:\"address\";s:41:\"Jl. Taman Makam Pahlawan No. 23 Purwodadi\";s:5:\"phone\";s:11:\"08892234566\";s:5:\"media\";s:0:\"\";s:3:\"lat\";s:0:\"\";s:4:\"long\";N;s:2:\"ig\";s:17:\"ig : @midomalandu\";s:5:\"email\";s:19:\"malandu92@gmail.com\";}', '2021-08-24 20:50:54', 1, 1, 0, 0),
(174, 'Zulaikah', 36, 'a:10:{s:4:\"name\";s:20:\"Kue cubit Joliebites\";s:5:\"owner\";s:8:\"Zulaikah\";s:4:\"desc\";s:71:\"Cemilan manis cocok untuk segala usia , memakai bahan yang berkualitas \";s:7:\"address\";s:51:\"Jl Parikesit 1 no. 6 RT 1/19 Simpang Lima Purwodadi\";s:5:\"phone\";s:12:\"089674547404\";s:5:\"media\";s:0:\"\";s:3:\"lat\";s:8:\"-7.05500\";s:4:\"long\";s:8:\"11054448\";s:2:\"ig\";s:15:\"ig : Joliebites\";s:5:\"email\";s:21:\"akuzulaikah@gmail.com\";}', '2021-08-24 20:50:56', 1, 1, 0, 0),
(177, 'Dewi', 32, 'a:10:{s:4:\"name\";s:14:\"Kosukosu Craft\";s:5:\"owner\";s:4:\"Dewi\";s:4:\"desc\";s:83:\"Buket bunga dari flanel maupun artificial untuk berbagai macam acara spesial kalian\";s:7:\"address\";s:53:\"Dusun Mendikil RT 03 RW 06 Desa Grabagan Kec Kradenan\";s:5:\"phone\";s:12:\"089690345705\";s:5:\"media\";s:0:\"\";s:3:\"lat\";s:0:\"\";s:4:\"long\";N;s:2:\"ig\";s:54:\"ig : @kosukosu_craft_grobogan, shopee : @kosukosucraft\";s:5:\"email\";s:0:\"\";}', '2021-08-24 20:50:54', 1, 1, 0, 0),
(178, 'Rudy Riyono', 28, 'a:10:{s:4:\"name\";s:6:\"Adycom\";s:5:\"owner\";s:11:\"Rudy Riyono\";s:4:\"desc\";s:18:\"Wedding organized \";s:7:\"address\";s:31:\"Jl Raya Kuwaron Kedungjati Km 1\";s:5:\"phone\";s:12:\"085640185611\";s:5:\"media\";s:15:\"Logo_Adycom.JPG\";s:3:\"lat\";s:8:\"-7.06631\";s:4:\"long\";s:9:\"110.66558\";s:2:\"ig\";s:0:\"\";s:5:\"email\";s:20:\"adycom2000@yahoo.com\";}', '2021-08-24 20:50:54', 1, 1, 0, 0),
(179, 'Khusnul Khotimah', 31, 'a:10:{s:4:\"name\";s:23:\"Aneka Snack Mekar Abadi\";s:5:\"owner\";s:16:\"Khusnul Khotimah\";s:4:\"desc\";s:163:\"Cemilan ringan dengan bahan berkualitas dan packaging menarik menghasilkan cita rasa yang tinggi aman dikonsumsi serta cocok untuk oleh-oleh maupun cemilan dirumah\";s:7:\"address\";s:46:\"Jl Purwodadi-Kudus Km 14 Ds Taruman Kec Klambu\";s:5:\"phone\";s:12:\"081575065472\";s:5:\"media\";s:32:\"Logo_Aneka_Snack_Mekar_Abadi.jpg\";s:3:\"lat\";s:8:\"-7.01329\";s:4:\"long\";s:9:\"110.83876\";s:2:\"ig\";s:17:\"shopee : @ndunger\";s:5:\"email\";s:21:\"mekarabadi4@gmail.com\";}', '2021-08-24 20:50:54', 1, 1, 0, 0),
(180, 'Septi Widyastuti', 27, 'a:10:{s:4:\"name\";s:16:\"Yu Cebretz Snack\";s:5:\"owner\";s:16:\"Septi Widyastuti\";s:4:\"desc\";s:96:\"Menghasilkan produk dgn nilai rasa tinggi, sehat dan berkualitas,dgn harga yg masih terjangkau. \";s:7:\"address\";s:65:\"Jl. Harjuna No 10 RT3 RW10 Perumahan Grobogan Asri Kel. Grobogan \";s:5:\"phone\";s:12:\"085226456500\";s:5:\"media\";s:0:\"\";s:3:\"lat\";s:9:\"-7.018865\";s:4:\"long\";s:10:\"110.918494\";s:2:\"ig\";s:20:\"ig : @pawonyucebretz\";s:5:\"email\";s:21:\"bangkit168@gmaill.com\";}', '2021-08-24 20:50:54', 1, 1, 0, 0),
(181, 'Sri Renggani', 36, 'a:10:{s:4:\"name\";s:15:\"Rengganis Craft\";s:5:\"owner\";s:12:\"Sri Renggani\";s:4:\"desc\";s:21:\"Kerajinan daur ulang \";s:7:\"address\";s:35:\"Jl. Mekarsari 14 Purwodadi Grobogan\";s:5:\"phone\";s:12:\"082329372929\";s:5:\"media\";s:0:\"\";s:3:\"lat\";s:9:\"-7.101550\";s:4:\"long\";s:10:\"110.914310\";s:2:\"ig\";s:38:\"shopee: @kedai rengga, fb: @rengga nis\";s:5:\"email\";s:22:\"rengganishop@gmail.com\";}', '2021-08-24 20:50:54', 1, 1, 0, 0),
(182, 'Anik', 25, 'a:10:{s:4:\"name\";s:20:\"Zahrani Cake Cookies\";s:5:\"owner\";s:4:\"Anik\";s:4:\"desc\";s:52:\"Bahan roti berkualitas dan tidak mengandung pengawet\";s:7:\"address\";s:40:\"Geyer RT 1 RW 2 Geyer Kec Geyer Grobogan\";s:5:\"phone\";s:11:\"08122511321\";s:5:\"media\";s:29:\"Logo_Zahrani_Cake_Cookies.jpg\";s:3:\"lat\";s:8:\"-7.13091\";s:4:\"long\";s:9:\"110.53584\";s:2:\"ig\";s:0:\"\";s:5:\"email\";s:27:\"anik.tumiyarsih15@gmail.cim\";}', '2021-08-24 20:50:54', 1, 1, 0, 0),
(183, 'Leni wahyu puspitasari', 36, 'a:10:{s:4:\"name\";s:24:\"Mahlenns Cake and Bakery\";s:5:\"owner\";s:22:\"Leni wahyu puspitasari\";s:4:\"desc\";s:72:\"Makanan dengan bahan bahan pilihan berkualitas dan citarasa yang tinggi \";s:7:\"address\";s:73:\"Jalan Untung Suropati 4 RT 05 RW 19 Simpang Lima Utara Purwodadi Grobogan\";s:5:\"phone\";s:12:\"085640690300\";s:5:\"media\";s:34:\"Logo_Mahlenns_Cake _and_Bakery.png\";s:3:\"lat\";s:9:\"-7.093039\";s:4:\"long\";s:10:\"110.908351\";s:2:\"ig\";s:15:\"ig : @mahlenns \";s:5:\"email\";s:19:\"lennywepe@gmail.com\";}', '2021-08-24 20:50:54', 1, 1, 0, 0),
(184, 'Anik Widyowati', 36, 'a:10:{s:4:\"name\";s:45:\"Kripik Pisang Violita dan Sale Pisang Violita\";s:5:\"owner\";s:14:\"Anik Widyowati\";s:4:\"desc\";s:34:\"Cemilan sehat tanpa bahan pengawet\";s:7:\"address\";s:24:\"Dsn Widuri 7/7 Cingkrong\";s:5:\"phone\";s:12:\"082329273706\";s:5:\"media\";s:23:\"Logo_Kripik_Violita.jpg\";s:3:\"lat\";s:0:\"\";s:4:\"long\";N;s:2:\"ig\";s:0:\"\";s:5:\"email\";s:0:\"\";}', '2021-08-24 20:50:54', 1, 1, 0, 0),
(185, 'Muhammad Adib Hakim', 28, 'a:10:{s:4:\"name\";s:24:\"Indigoo Print Baturagung\";s:5:\"owner\";s:19:\"Muhammad Adib Hakim\";s:4:\"desc\";s:274:\"Undangan dengan jenis blangko merupakan kartu Undangan yang seringnya merupakan kartu kosong tanpa isi maupun tulisan, dalam proses pengisiannya diperlukan mesin cetak khusus maupun printer rumahan biasa untuk menghasilkan tulisan maupun gambar isi undangan yang diharapkan.\";s:7:\"address\";s:42:\"Desa Baturagung RT 01 RW 02 Gubug Grobogan\";s:5:\"phone\";s:12:\"081234846200\";s:5:\"media\";s:33:\"Logo_Indigoo_Print_Baturagung.jpg\";s:3:\"lat\";s:9:\"-7.033218\";s:4:\"long\";s:11:\"110.6760933\";s:2:\"ig\";s:29:\"fb : Indigoo Print Baturagung\";s:5:\"email\";s:27:\"indigooprintgubug@gmail.com\";}', '2021-08-24 20:50:54', 1, 1, 0, 0),
(190, 'Kostar', 28, 'a:10:{s:4:\"name\";s:39:\"Kerajinan Limbah Jati Alam Jaya Lestari\";s:5:\"owner\";s:6:\"Kostar\";s:4:\"desc\";s:9:\"Aksesoris\";s:7:\"address\";s:9:\"Penadaran\";s:5:\"phone\";s:12:\"085600417127\";s:5:\"media\";s:32:\"Logo_HandyCraft_Jaya_Lestari.jpg\";s:3:\"lat\";s:0:\"\";s:4:\"long\";N;s:2:\"ig\";s:0:\"\";s:5:\"email\";s:0:\"\";}', '2021-08-24 20:50:54', 1, 1, 0, 0),
(192, 'Ishomuddin Basya', 23, 'a:10:{s:4:\"name\";s:10:\"Abi Coffee\";s:5:\"owner\";s:16:\"Ishomuddin Basya\";s:4:\"desc\";s:71:\"Minuman Segar dan rasa enak serta aman untuk dikonsumsi bagi siapa saja\";s:7:\"address\";s:78:\"Dusun Menduran RT. 01 RW. 01 Desa Menduran Kecamatan Brati Kabupaten Grobogan \";s:5:\"phone\";s:12:\"082240060000\";s:5:\"media\";s:19:\"Logo_Abi_Coffee.jpg\";s:3:\"lat\";s:9:\"-7.078310\";s:4:\"long\";s:10:\"110.910636\";s:2:\"ig\";s:0:\"\";s:5:\"email\";s:0:\"\";}', '2021-08-24 20:50:54', 1, 1, 0, 0),
(193, 'Yanti', 28, 'a:10:{s:4:\"name\";s:24:\"Kripik Pisang Bunda Alfa\";s:5:\"owner\";s:5:\"Yanti\";s:4:\"desc\";s:62:\"Kripik pisang bunda alfa di jamin rasanya kres..kress...kresss\";s:7:\"address\";s:43:\"Desa Penadaran Dusun Kedung Kakap RT01 RW05\";s:5:\"phone\";s:12:\"085879558115\";s:5:\"media\";s:19:\"Logo_Bunda_Alfa.jpg\";s:3:\"lat\";s:9:\"-7.133697\";s:4:\"long\";s:10:\"110.675997\";s:2:\"ig\";s:0:\"\";s:5:\"email\";s:24:\"bundaalfa06324@gmail.com\";}', '2021-08-24 20:50:54', 1, 1, 0, 0),
(195, 'Ali Mundakir', 31, 'a:10:{s:4:\"name\";s:16:\"N3 Entry Chicken\";s:5:\"owner\";s:12:\"Ali Mundakir\";s:4:\"desc\";s:119:\"kami membuat olahan lele krispi,jamur krispi,usus krispi,ayam krispi dan olahan serba krispi dan menerima jasa cetering\";s:7:\"address\";s:20:\"Selojari RT 03 RW 01\";s:5:\"phone\";s:13:\"0895356698509\";s:5:\"media\";s:25:\"Logo_N3_Entry_Chicken.jpg\";s:3:\"lat\";s:0:\"\";s:4:\"long\";N;s:2:\"ig\";s:21:\"fb : djulia lily yaya\";s:5:\"email\";s:0:\"\";}', '2021-08-24 20:50:54', 1, 1, 0, 0),
(196, 'Tri Wahyu Utami dan Kharisma W', 35, 'a:10:{s:4:\"name\";s:45:\"Nugget Buninglor (Labu kuning dan daun kelor)\";s:5:\"owner\";s:44:\"Tri Wahyu Utami dan Kharisma Wahyu Triswanti\";s:4:\"desc\";s:68:\"Cemilan alternatif yang sehat untuk tubuh dan enak untuk dikonsumsi.\";s:7:\"address\";s:74:\"Jl. Ki Ageng Selo, Gatak, Sembungharjo, Kec. Pulokulon, Kabupaten Grobogan\";s:5:\"phone\";s:24:\"08979040175/082339117826\";s:5:\"media\";s:25:\"Logo_Nugget_Buninglor.jpg\";s:3:\"lat\";s:9:\"-7.117543\";s:4:\"long\";s:10:\"110.998663\";s:2:\"ig\";s:19:\"ig : @nuggetlabu.id\";s:5:\"email\";s:33:\"kharismawahyutriswantii@gmail.com\";}', '2021-08-24 20:50:54', 1, 1, 0, 0),
(197, 'Sri Yuniatun', 36, 'a:10:{s:4:\"name\";s:32:\"Abon Ayam Kelompok Usaha Mandiri\";s:5:\"owner\";s:12:\"Sri Yuniatun\";s:4:\"desc\";s:144:\"abon ayam enak, sehat dan bergizi karena diolah dari rempah-rempah alami. cocok untuk makanan anak-anak, oleh-oleh dan makanan berbagai kegiatan\";s:7:\"address\";s:54:\"Jalan Taman Makam Pahlawan RT.11 RW.21 No.06 Purwodadi\";s:5:\"phone\";s:12:\"081391383355\";s:5:\"media\";s:42:\"Logo_Abon_Ayam_Kelompok_Usaha_Mandiri.jpeg\";s:3:\"lat\";s:18:\"-7.090687803529709\";s:4:\"long\";s:18:\"110.91196152193399\";s:2:\"ig\";s:0:\"\";s:5:\"email\";s:19:\"jumikosri@gmail.com\";}', '2021-08-24 20:50:54', 1, 1, 0, 0),
(198, 'Sudariyanto', 27, 'a:10:{s:4:\"name\";s:14:\"CV AR interior\";s:5:\"owner\";s:11:\"Sudariyanto\";s:4:\"desc\";s:20:\"Rapi dan berkualitas\";s:7:\"address\";s:35:\"Dusun Tahunan Putatsari RT 06 RW 04\";s:5:\"phone\";s:12:\"081384095606\";s:5:\"media\";s:23:\"Logo_CV_AR_Interior.jpg\";s:3:\"lat\";s:9:\"-7.025554\";s:4:\"long\";s:10:\"110.963799\";s:2:\"ig\";s:20:\"ig : @ariyantoari701\";s:5:\"email\";s:24:\"ariyantoari701@gmail.com\";}', '2021-08-24 20:50:54', 1, 1, 0, 0),
(199, 'Agung Prabowo Kristianto', 36, 'a:10:{s:4:\"name\";s:14:\"Shiramo Studio\";s:5:\"owner\";s:24:\"Agung Prabowo Kristianto\";s:4:\"desc\";s:82:\"Menciptakan suatu lingkup kehidupan yang aman, dan nyaman untuk pengguna bangunan.\";s:7:\"address\";s:39:\"Jl. Pemuda, Karanganyar, Kec. Purwodadi\";s:5:\"phone\";s:14:\"08954149969779\";s:5:\"media\";s:18:\"Shiramo_Studio.png\";s:3:\"lat\";s:9:\"-7.091059\";s:4:\"long\";s:10:\"110.928930\";s:2:\"ig\";s:20:\"ig : @shiramo_studio\";s:5:\"email\";s:23:\"shiramostudio@gmail.com\";}', '2021-08-24 20:50:54', 1, 1, 0, 0),
(200, 'Fu\'ad Hasyim', 23, 'a:10:{s:4:\"name\";s:14:\"Abi Multimedia\";s:5:\"owner\";s:12:\"Fu\'ad Hasyim\";s:4:\"desc\";s:52:\"sablon kaos bebas, bahan berkualitas hasil memuaskan\";s:7:\"address\";s:58:\"Dusun Menduran RT. 01 RW. 01 Desa Menduran Kecamatan Brati\";s:5:\"phone\";s:12:\"085740169320\";s:5:\"media\";s:23:\"Logo_Abi_Multimedia.jpg\";s:3:\"lat\";s:10:\"-7.0783139\";s:4:\"long\";s:11:\"110.9103264\";s:2:\"ig\";s:0:\"\";s:5:\"email\";s:21:\"csfhasyim93@gmail.com\";}', '2021-08-24 20:50:54', 1, 1, 0, 0),
(205, 'Siti Masfuah', 38, 'a:10:{s:4:\"name\";s:13:\"Krupuk Gendar\";s:5:\"owner\";s:12:\"Siti Masfuah\";s:4:\"desc\";s:73:\"Makanan dengan cita rasa gurih dan renyah dibuat dengan bahan berkualitas\";s:7:\"address\";s:44:\"Ds Jono 2/2, Kec. Tawangharjo, Kab. Grobogan\";s:5:\"phone\";s:12:\"082138415244\";s:5:\"media\";s:22:\"Logo_Krupuk_Gendar.png\";s:3:\"lat\";s:9:\"-7.090965\";s:4:\"long\";s:10:\"110.980867\";s:2:\"ig\";s:0:\"\";s:5:\"email\";s:20:\"ibusiti441@gmail.com\";}', '2021-08-24 20:50:54', 1, 1, 0, 0),
(207, 'SITI SHOFIYAH', 28, 'a:10:{s:4:\"name\";s:20:\"Keripik Pisang Shovy\";s:5:\"owner\";s:13:\"SITI SHOFIYAH\";s:4:\"desc\";s:50:\"Keripik pisang yang dibuat tanpa ada bahan kimia. \";s:7:\"address\";s:62:\"Jl. Kemiri-Jeketro Km 01, Desa Kemri, Kec Gubug, Kab. Grobogan\";s:5:\"phone\";s:12:\"085640577243\";s:5:\"media\";s:22:\"Logo_Keripik_Shovy.jpg\";s:3:\"lat\";s:0:\"\";s:4:\"long\";N;s:2:\"ig\";s:16:\"ig : @tigaarjuna\";s:5:\"email\";s:26:\"sitishofiyah1234@gmail.com\";}', '2021-08-24 20:50:54', 1, 1, 0, 0),
(208, 'Muhammad Syihabuddin', 28, 'a:10:{s:4:\"name\";s:22:\"Kopi Lelet Tiga Arjuna\";s:5:\"owner\";s:20:\"Muhammad Syihabuddin\";s:4:\"desc\";s:20:\"Kopi robusta grade A\";s:7:\"address\";s:48:\"Jl. Kemiri-Jeketro, Desa Kemiri, Gubug, Grobogan\";s:5:\"phone\";s:12:\"085879692915\";s:5:\"media\";s:31:\"Logo_Kopi_Lelet_Tiga_Arjuna.jpg\";s:3:\"lat\";s:0:\"\";s:4:\"long\";N;s:2:\"ig\";s:16:\"ig : @tigaarjuna\";s:5:\"email\";s:0:\"\";}', '2021-08-24 20:50:54', 1, 1, 0, 0),
(209, 'Enny Ganevi', 35, 'a:10:{s:4:\"name\";s:23:\"Jamur Grobogan Mama Vie\";s:5:\"owner\";s:11:\"Enny Ganevi\";s:4:\"desc\";s:90:\"Budidaya jamur tiram dari buat bibit jamur sampai jasi jamur dan olahan crispy jamur tiram\";s:7:\"address\";s:69:\"Dukuh Soko RT 05 RW 01 Ds.Jatiharjo,Kec.Pulokulon,Kab.Grobogan Jateng\";s:5:\"phone\";s:26:\"085865500030 / 08156611469\";s:5:\"media\";s:17:\"Logo_Mama_Vie.jpg\";s:3:\"lat\";s:0:\"\";s:4:\"long\";N;s:2:\"ig\";s:0:\"\";s:5:\"email\";s:21:\"ennyganevi9@gmail.com\";}', '2021-08-24 20:50:55', 1, 1, 0, 0),
(211, 'Que Sierra Mentari Ammarkhan', 27, 'a:10:{s:4:\"name\";s:26:\"Dapur Mentari Resto & Cafe\";s:5:\"owner\";s:28:\"Que Sierra Mentari Ammarkhan\";s:4:\"desc\";s:68:\"Mengangkat menu tradisional warisan keluarga menjadi Selera Nasional\";s:7:\"address\";s:51:\"Jl. Dokter Sutomo RT. 003 Rw. 007 Kel/Kec. Grobogan\";s:5:\"phone\";s:12:\"081329161609\";s:5:\"media\";s:34:\"Logo_Dapur_Mentari_Shah_Rukhan.png\";s:3:\"lat\";s:0:\"\";s:4:\"long\";N;s:2:\"ig\";s:43:\"ig : @dapur_mentari.id, fb: Dapur Mentari  \";s:5:\"email\";s:0:\"\";}', '2021-08-24 20:50:55', 1, 1, 0, 0),
(212, 'Angga mukti', 26, 'a:10:{s:4:\"name\";s:16:\"Kopi Bubuk Ndeso\";s:5:\"owner\";s:11:\"Angga mukti\";s:4:\"desc\";s:9:\"Enak khas\";s:7:\"address\";s:15:\"Dusun Sumurgede\";s:5:\"phone\";s:12:\"081227114536\";s:5:\"media\";s:25:\"Logo_Kopi_Bubuk_Ndeso.jpg\";s:3:\"lat\";s:0:\"\";s:4:\"long\";N;s:2:\"ig\";s:19:\"ig : @kopi_yu_parmi\";s:5:\"email\";s:0:\"\";}', '2021-08-24 20:50:55', 1, 1, 0, 0),
(213, 'Yuni Fatmawati ', 32, 'a:10:{s:4:\"name\";s:38:\"Aneka Bolu dan Kue Tart Barokah Bu Dul\";s:5:\"owner\";s:15:\"Yuni Fatmawati \";s:4:\"desc\";s:46:\"Makanan tanpa bahan pengawet yang menyehatkan \";s:7:\"address\";s:51:\"Jl. Cempaka 04/02 Kembangan Kuwu Kecamatan Kradenan\";s:5:\"phone\";s:12:\"085326656432\";s:5:\"media\";s:47:\"Logo_Aneka_Bolu_dan_Kue_Tart_Barokah_Bu_Dul.jpg\";s:3:\"lat\";s:9:\"-7.124953\";s:4:\"long\";s:10:\"111.124870\";s:2:\"ig\";s:0:\"\";s:5:\"email\";s:26:\"fatmawatiyuni45@gmail.com \";}', '2021-08-24 20:50:55', 1, 1, 0, 0),
(214, 'Triyogo', 36, 'a:10:{s:4:\"name\";s:21:\"Donat Salju Purwodadi\";s:5:\"owner\";s:7:\"Triyogo\";s:4:\"desc\";s:38:\"Makanan sehat, bahan berkualitas, aman\";s:7:\"address\";s:25:\"Gang Kepodang 9 Purwodadi\";s:5:\"phone\";s:12:\"085601647647\";s:5:\"media\";s:0:\"\";s:3:\"lat\";s:0:\"\";s:4:\"long\";N;s:2:\"ig\";s:26:\"ig : @donat_saljupurwodadi\";s:5:\"email\";s:22:\"kenzietama69@gmail.com\";}', '2021-08-24 20:50:55', 1, 1, 0, 0),
(216, 'Setyowati', 36, 'a:10:{s:4:\"name\";s:24:\"Batik Tulis Melati Putih\";s:5:\"owner\";s:9:\"Setyowati\";s:4:\"desc\";s:55:\"Batik kami khas Grobogan yg berkualitas nyaman dipakai \";s:7:\"address\";s:27:\"Desa Pulorejo Kec.Purwodadi\";s:5:\"phone\";s:13:\"0895395144929\";s:5:\"media\";s:33:\"Logo_Batik_Tulis_Melati_Putih.jpg\";s:3:\"lat\";s:0:\"\";s:4:\"long\";N;s:2:\"ig\";s:0:\"\";s:5:\"email\";s:21:\"ofiniasetyo@gmail.com\";}', '2021-08-24 20:50:55', 1, 1, 0, 0),
(217, 'Winnanto', 36, 'a:10:{s:4:\"name\";s:8:\"An Store\";s:5:\"owner\";s:8:\"Winnanto\";s:4:\"desc\";s:26:\"Bahan berkwalitas original\";s:7:\"address\";s:26:\"Jl.Kaptenrusdiyat Danyang \";s:5:\"phone\";s:12:\"081215306593\";s:5:\"media\";s:17:\"Logo_An_Store.jpg\";s:3:\"lat\";s:0:\"\";s:4:\"long\";N;s:2:\"ig\";s:17:\"ig : @_an.store88\";s:5:\"email\";s:0:\"\";}', '2021-08-24 20:50:55', 1, 1, 0, 0),
(218, 'H. Lizamuddin Kafi', 23, 'a:10:{s:4:\"name\";s:20:\"Al Barakah Kaligrafi\";s:5:\"owner\";s:18:\"H. Lizamuddin Kafi\";s:4:\"desc\";s:157:\"Hiasan rumah, masjid, dll berbentuk kaligrafi bahan beludru, kuningan, prada, sangat banyak diminati oleh kalangan masyarakat, baik bawah, menengah, dan atas\";s:7:\"address\";s:49:\"Menduran RT. 08/01 Kec. Brati Kab. Grobogan 58153\";s:5:\"phone\";s:11:\"08122851070\";s:5:\"media\";s:29:\"Logo_Al_Barokah_Kaligrafi.jpg\";s:3:\"lat\";s:9:\"-7.077732\";s:4:\"long\";s:10:\"110.910074\";s:2:\"ig\";s:23:\"fb: Albarakah kaligrafi\";s:5:\"email\";s:25:\"lizamuddinkavie@gmail.com\";}', '2021-08-24 20:50:55', 1, 1, 0, 0),
(219, 'Ulil amri', 23, 'a:10:{s:4:\"name\";s:24:\"Amri Sablon dan Konveksi\";s:5:\"owner\";s:9:\"Ulil amri\";s:4:\"desc\";s:65:\"Pembuatan kaos yang rekomended dari harga termurah sampai premium\";s:7:\"address\";s:52:\"Dsn Sinawah 01/10 Ds Kronggen Kec Brati Kab Grobogan\";s:5:\"phone\";s:12:\"082281831624\";s:5:\"media\";s:33:\"Logo_Amri_Sablon_dan_Konveksi.png\";s:3:\"lat\";s:0:\"\";s:4:\"long\";N;s:2:\"ig\";s:0:\"\";s:5:\"email\";s:21:\"ulilamri135@gmail.com\";}', '2021-08-24 20:50:55', 1, 1, 0, 0),
(222, 'Niken', 36, 'a:10:{s:4:\"name\";s:15:\"RGA Independent\";s:5:\"owner\";s:5:\"Niken\";s:4:\"desc\";s:29:\"Baju kece menambah gaya hidup\";s:7:\"address\";s:24:\"Doplang 08/04 Genuksuran\";s:5:\"phone\";s:12:\"081391301498\";s:5:\"media\";s:24:\"Logo_RGA_Independent.jpg\";s:3:\"lat\";s:10:\"-7.1112133\";s:4:\"long\";s:11:\"110.8829300\";s:2:\"ig\";s:0:\"\";s:5:\"email\";s:22:\"nikendewi629@gmail.com\";}', '2021-08-24 20:50:55', 1, 1, 0, 0),
(223, 'Giarti', 32, 'a:10:{s:4:\"name\";s:15:\"Aneka Kripik WS\";s:5:\"owner\";s:6:\"Giarti\";s:4:\"desc\";s:87:\"Tempe kripik sagu cemilan dan lauk yang memiliki kandungan protein dari kedelai pilihan\";s:7:\"address\";s:24:\"Sambongbangi RT 06 RW 02\";s:5:\"phone\";s:12:\"085713795627\";s:5:\"media\";s:0:\"\";s:3:\"lat\";s:0:\"\";s:4:\"long\";N;s:2:\"ig\";s:0:\"\";s:5:\"email\";s:19:\"giaarti99@gmail.com\";}', '2021-08-24 20:50:55', 1, 1, 0, 0),
(224, 'Kukuh', 28, 'a:10:{s:4:\"name\";s:9:\"Kayukupas\";s:5:\"owner\";s:5:\"Kukuh\";s:4:\"desc\";s:36:\"Desain dan menyediakan perabot rumah\";s:7:\"address\";s:34:\"Desa Papanrejo Rt 04/02 Kec. Gubug\";s:5:\"phone\";s:12:\"089611266681\";s:5:\"media\";s:19:\"Logo_Kayu_Kupas.png\";s:3:\"lat\";s:0:\"\";s:4:\"long\";N;s:2:\"ig\";s:15:\"ig : @kayukupas\";s:5:\"email\";s:16:\"4kupas@gmail.com\";}', '2021-08-24 20:50:55', 1, 1, 0, 0),
(245, 'Sri Prihatini', 36, 'a:10:{s:4:\"name\";s:23:\"Ibu Mandiri Pringgodani\";s:5:\"owner\";s:13:\"Sri Prihatini\";s:4:\"desc\";s:30:\"Nugget Snack bergizi dan sehat\";s:7:\"address\";s:59:\"Jln R Suprapto gang Pringgodani 2 RT 07 RW 21 Kel Purwodadi\";s:5:\"phone\";s:12:\"081326168090\";s:5:\"media\";s:33:\"Logo_Ibu_Mandiri_Pringgondani.jpg\";s:3:\"lat\";s:9:\"-7.091455\";s:4:\"long\";s:10:\"110.912971\";s:2:\"ig\";s:0:\"\";s:5:\"email\";s:0:\"\";}', '2021-08-24 20:50:55', 1, 1, 0, 0),
(249, 'Endang Wahyuningsih,SPd', 27, 'a:10:{s:4:\"name\";s:24:\"Batik Tulis Bunga Seroja\";s:5:\"owner\";s:23:\"Endang Wahyuningsih,SPd\";s:4:\"desc\";s:63:\"Batik Tulis Bunga Seroja bahan berkualitas, tidak mudah luntur.\";s:7:\"address\";s:14:\"Jl Blora no 12\";s:5:\"phone\";s:12:\"085640820062\";s:5:\"media\";s:27:\"Logo_Batik_Tulis_Seroja.jpg\";s:3:\"lat\";s:0:\"\";s:4:\"long\";N;s:2:\"ig\";s:26:\"Shopee : Batik TulisSeroja\";s:5:\"email\";s:22:\"endangwahyua@gmail.com\";}', '2021-08-24 20:50:55', 1, 1, 0, 0),
(250, 'Dwi sucipto', 36, 'a:10:{s:4:\"name\";s:18:\"Mebel Jati Belanda\";s:5:\"owner\";s:11:\"Dwi sucipto\";s:4:\"desc\";s:45:\"Bahan jati Belanda berserat arsitektur tinggi\";s:7:\"address\";s:71:\"Perumahan permata hijau blok F no16 kalongan,kec.purwodadi,kab.grobogan\";s:5:\"phone\";s:12:\"089530963154\";s:5:\"media\";s:0:\"\";s:3:\"lat\";s:19:\"-7.1149293460624055\";s:4:\"long\";s:18:\"110.92223838236592\";s:2:\"ig\";s:0:\"\";s:5:\"email\";s:23:\"suciptodwi191@gmail.com\";}', '2021-08-24 20:50:55', 1, 1, 0, 0),
(251, 'Ahmad Qomarudin', 41, 'a:10:{s:4:\"name\";s:20:\"Kodok Ijo Production\";s:5:\"owner\";s:15:\"Ahmad Qomarudin\";s:4:\"desc\";s:57:\"Konveksi dan Produksi kaos, Undangan, desain, karikatur. \";s:7:\"address\";s:66:\"Jl. Wirosari-Kuwu. Km2. Dsn Beru RT05/04. Kalirejo, Wirosari 58192\";s:5:\"phone\";s:12:\"082136885554\";s:5:\"media\";s:29:\"Logo_Kodok_Ijo_Production.png\";s:3:\"lat\";s:17:\"-7.08998457473104\";s:4:\"long\";s:18:\"111.09814785772343\";s:2:\"ig\";s:29:\"ig : @kodokijo_screenprinting\";s:5:\"email\";s:28:\"productionkodokijo@gmail.com\";}', '2021-08-24 20:50:55', 1, 1, 0, 0),
(252, 'Nurul Fitriana', 31, 'a:10:{s:4:\"name\";s:13:\"Kendaichi Art\";s:5:\"owner\";s:14:\"Nurul Fitriana\";s:4:\"desc\";s:181:\"cutteristik (seni ukir kertas menjadi sketsa wajah)\nmahar pernikahan (mozaik, siluet, quilling, karikatur, plywood, dll)\nkaligrafi (ayat dan nama anak)\nmural (lukis dinding tk/paud)\";s:7:\"address\";s:53:\"Selojari Atas RT 003 RW 003 Desa Selojari Kec. Klambu\";s:5:\"phone\";s:12:\"085640761393\";s:5:\"media\";s:22:\"Logo_Kendaichi_Art.jpg\";s:3:\"lat\";s:9:\"-7.00906 \";s:4:\"long\";s:9:\"110.85733\";s:2:\"ig\";s:19:\"ig : @kendaichi_art\";s:5:\"email\";s:26:\"nurulfitriana444@gmail.com\";}', '2021-08-24 20:50:55', 1, 1, 0, 0),
(255, 'Rizki', 36, 'a:10:{s:4:\"name\";s:37:\"Martabak Telur dan Kue Bandung Oishii\";s:5:\"owner\";s:5:\"Rizki\";s:4:\"desc\";s:70:\"Martabak telur spesial dan kue bandung berbagai macam rasa yang nikmat\";s:7:\"address\";s:69:\"Jl. Semarang - purwodadi, majenang, kuripan, purwodadi, kab. Grobogan\";s:5:\"phone\";s:12:\"085640033995\";s:5:\"media\";s:15:\"Logo_Oishii.jpg\";s:3:\"lat\";s:9:\"-7.079728\";s:4:\"long\";s:10:\"110.887474\";s:2:\"ig\";s:20:\"fb : Rizkiy jakareka\";s:5:\"email\";s:29:\"Rizkijakareka270391@gmail.com\";}', '2021-08-24 20:50:55', 1, 1, 0, 0),
(256, 'Dwi Fitri Utami', 32, 'a:10:{s:4:\"name\";s:10:\"Mosi Group\";s:5:\"owner\";s:15:\"Dwi Fitri Utami\";s:4:\"desc\";s:195:\"Kami menyediakan kopi dan olahan dari kopi, seperti kopi siap seduh, varian drink matte kopi kekinian, snacktime kekinian dan makanan kekinian seperti burger, kebab, rice bowl aneka oalahan ayam.\";s:7:\"address\";s:37:\"Jl. Honggokusuman No.27 Kuwu Kradenan\";s:5:\"phone\";s:12:\"082133693235\";s:5:\"media\";s:13:\"Logo_Mosi.jpg\";s:3:\"lat\";s:8:\"-7.12309\";s:4:\"long\";s:9:\"111.12438\";s:2:\"ig\";s:16:\"ig : @mosikopiku\";s:5:\"email\";s:17:\"utamidf@gmail.com\";}', '2021-08-24 20:50:56', 1, 1, 0, 0),
(257, 'Eny sukamto', 27, 'a:10:{s:4:\"name\";s:20:\"Kerajinan Bubut Kayu\";s:5:\"owner\";s:11:\"Eny sukamto\";s:4:\"desc\";s:49:\"Produksi gagang sabit,gagang golok,gagang samurai\";s:7:\"address\";s:38:\"Dusun turi rt 02/05 putatsari,grobogan\";s:5:\"phone\";s:12:\"085226025822\";s:5:\"media\";s:0:\"\";s:3:\"lat\";s:7:\"-701312\";s:4:\"long\";s:9:\"110.57492\";s:2:\"ig\";s:20:\"fb : mas eny sukamto\";s:5:\"email\";s:23:\"enysukamto064@gmail.com\";}', '2021-08-24 20:50:56', 1, 1, 0, 0),
(258, 'Heri Wibowo', 27, 'a:10:{s:4:\"name\";s:15:\"BJK Helm Custom\";s:5:\"owner\";s:11:\"Heri Wibowo\";s:4:\"desc\";s:15:\"BJK helm custom\";s:7:\"address\";s:31:\"Jl.Baru Sanggrahan, RT 02 RW 01\";s:5:\"phone\";s:12:\"089692032860\";s:5:\"media\";s:12:\"Logo_BJX.jpg\";s:3:\"lat\";s:7:\"-704150\";s:4:\"long\";s:8:\"11054538\";s:2:\"ig\";s:0:\"\";s:5:\"email\";s:0:\"\";}', '2021-08-24 20:50:56', 1, 1, 0, 0),
(259, 'Faracha N R', 35, 'a:10:{s:4:\"name\";s:9:\"Jajankure\";s:5:\"owner\";s:11:\"Faracha N R\";s:4:\"desc\";s:115:\"Produk Home Made, dengan bumbu tabur good aroma, tanpa pengawet dan zat berbahaya, mampu disimpan dalam dua minggu.\";s:7:\"address\";s:71:\"04/01 Dusun Krajan Lor Desa Tuko Kecamatan Pulokulon Kabupaten Grobogan\";s:5:\"phone\";s:12:\"085941311895\";s:5:\"media\";s:18:\"Logo_Jajankure.png\";s:3:\"lat\";s:20:\"-7.128135,111.092958\";s:4:\"long\";N;s:2:\"ig\";s:16:\"ig : @jajanku_re\";s:5:\"email\";s:27:\"farachanurrahma00@gmail.com\";}', '2021-08-24 20:50:56', 1, 1, 0, 0),
(260, '', 0, 'a:12:{s:4:\"name\";s:0:\"\";s:5:\"owner\";s:0:\"\";s:11:\"place_birth\";s:0:\"\";s:10:\"date_birth\";s:0:\"\";s:4:\"desc\";s:0:\"\";s:7:\"address\";s:0:\"\";s:5:\"phone\";s:0:\"\";s:5:\"media\";N;s:3:\"lat\";s:0:\"\";s:4:\"long\";s:0:\"\";s:2:\"ig\";s:0:\"\";s:5:\"email\";s:0:\"\";}', '2021-08-31 10:20:37', 1, 0, 1, 3),
(261, 'Eka Jaya', 23, 'a:12:{s:4:\"name\";s:8:\"Eka Jaya\";s:5:\"owner\";s:3:\"Eka\";s:11:\"place_birth\";s:5:\"Blora\";s:10:\"date_birth\";s:10:\"2021-08-04\";s:4:\"desc\";s:15:\"Deskripsi Usaha\";s:7:\"address\";s:8:\"wkwkwkkw\";s:5:\"phone\";s:10:\"1234567890\";s:5:\"media\";s:17:\"60ee4d217d0f3.jpg\";s:3:\"lat\";s:4:\"1234\";s:4:\"long\";s:4:\"4567\";s:2:\"ig\";s:4:\"@123\";s:5:\"email\";s:18:\"donieka8@gmail.com\";}', '2021-08-31 13:33:32', 1, 0, 1, 3),
(262, 'Eka Jaya', 23, 'a:12:{s:4:\"name\";s:8:\"Eka Jaya\";s:5:\"owner\";s:3:\"Eka\";s:11:\"place_birth\";s:5:\"Blora\";s:10:\"date_birth\";s:10:\"2021-08-04\";s:4:\"desc\";s:15:\"Deskripsi Usaha\";s:7:\"address\";s:8:\"wkwkwkkw\";s:5:\"phone\";s:10:\"1234567890\";s:5:\"media\";s:18:\"60ee4d217d0f31.jpg\";s:3:\"lat\";s:4:\"1234\";s:4:\"long\";s:4:\"4567\";s:2:\"ig\";s:4:\"@123\";s:5:\"email\";s:18:\"donieka8@gmail.com\";}', '2021-08-31 13:45:25', 1, 0, 1, 3),
(263, 'Eka Jaya', 23, 'a:12:{s:4:\"name\";s:8:\"Eka Jaya\";s:5:\"owner\";s:3:\"Eka\";s:11:\"place_birth\";s:5:\"Blora\";s:10:\"date_birth\";s:10:\"2021-08-04\";s:4:\"desc\";s:15:\"Deskripsi Usaha\";s:7:\"address\";s:8:\"wkwkwkkw\";s:5:\"phone\";s:10:\"1234567890\";s:5:\"media\";s:36:\"39dc33e0db0b4fa14723193f229cb970.jpg\";s:3:\"lat\";s:4:\"1234\";s:4:\"long\";s:4:\"4567\";s:2:\"ig\";s:4:\"@123\";s:5:\"email\";s:18:\"donieka8@gmail.com\";}', '2021-08-31 13:48:54', 1, 0, 1, 3),
(264, 'Eka Jaya', 23, 'a:12:{s:4:\"name\";s:8:\"Eka Jaya\";s:5:\"owner\";s:3:\"Eka\";s:11:\"place_birth\";s:5:\"Blora\";s:10:\"date_birth\";s:10:\"2021-08-04\";s:4:\"desc\";s:15:\"Deskripsi Usaha\";s:7:\"address\";s:8:\"wkwkwkkw\";s:5:\"phone\";s:10:\"1234567890\";s:5:\"media\";s:37:\"39dc33e0db0b4fa14723193f229cb9701.jpg\";s:3:\"lat\";s:4:\"1234\";s:4:\"long\";s:4:\"4567\";s:2:\"ig\";s:4:\"@123\";s:5:\"email\";s:18:\"donieka8@gmail.com\";}', '2021-08-31 13:50:19', 1, 0, 1, 3),
(265, 'Eka Jaya', 23, 'a:12:{s:4:\"name\";s:8:\"Eka Jaya\";s:5:\"owner\";s:3:\"Eka\";s:11:\"place_birth\";s:5:\"Blora\";s:10:\"date_birth\";s:10:\"2021-08-04\";s:4:\"desc\";s:15:\"Deskripsi Usaha\";s:7:\"address\";s:8:\"wkwkwkkw\";s:5:\"phone\";s:10:\"1234567890\";s:5:\"media\";s:37:\"39dc33e0db0b4fa14723193f229cb9702.jpg\";s:3:\"lat\";s:4:\"1234\";s:4:\"long\";s:4:\"4567\";s:2:\"ig\";s:4:\"@123\";s:5:\"email\";s:18:\"donieka8@gmail.com\";}', '2021-08-31 13:50:35', 1, 0, 1, 3),
(266, 'Eka Jaya', 23, 'a:12:{s:4:\"name\";s:8:\"Eka Jaya\";s:5:\"owner\";s:3:\"Eka\";s:11:\"place_birth\";s:5:\"Blora\";s:10:\"date_birth\";s:10:\"2021-08-04\";s:4:\"desc\";s:15:\"Deskripsi Usaha\";s:7:\"address\";s:8:\"wkwkwkkw\";s:5:\"phone\";s:10:\"1234567890\";s:5:\"media\";s:18:\"20210831135407.jpg\";s:3:\"lat\";s:4:\"1234\";s:4:\"long\";s:4:\"4567\";s:2:\"ig\";s:4:\"@123\";s:5:\"email\";s:18:\"donieka8@gmail.com\";}', '2021-08-31 13:54:07', 1, 0, 1, 3),
(267, 'Eka Jaya', 23, 'a:12:{s:4:\"name\";s:8:\"Eka Jaya\";s:5:\"owner\";s:3:\"Eka\";s:11:\"place_birth\";s:5:\"Blora\";s:10:\"date_birth\";s:10:\"2021-08-04\";s:4:\"desc\";s:15:\"Deskripsi Usaha\";s:7:\"address\";s:8:\"wkwkwkkw\";s:5:\"phone\";s:10:\"1234567890\";s:5:\"media\";s:18:\"20210831135847.jpg\";s:3:\"lat\";s:4:\"1234\";s:4:\"long\";s:4:\"4567\";s:2:\"ig\";s:4:\"@123\";s:5:\"email\";s:18:\"donieka8@gmail.com\";}', '2021-08-31 13:58:47', 1, 0, 1, 3),
(268, 'Eka Jaya', 23, 'a:12:{s:4:\"name\";s:8:\"Eka Jaya\";s:5:\"owner\";s:3:\"Eka\";s:11:\"place_birth\";s:5:\"Blora\";s:10:\"date_birth\";s:10:\"2021-08-04\";s:4:\"desc\";s:15:\"Deskripsi Usaha\";s:7:\"address\";s:8:\"wkwkwkkw\";s:5:\"phone\";s:10:\"1234567890\";s:5:\"media\";s:18:\"20210831140506.jpg\";s:3:\"lat\";s:4:\"1234\";s:4:\"long\";s:4:\"4567\";s:2:\"ig\";s:4:\"@123\";s:5:\"email\";s:18:\"donieka8@gmail.com\";}', '2021-08-31 14:05:06', 1, 0, 1, 3),
(269, 'Eka Jaya', 23, 'a:12:{s:4:\"name\";s:8:\"Eka Jaya\";s:5:\"owner\";s:3:\"Eka\";s:11:\"place_birth\";s:5:\"Blora\";s:10:\"date_birth\";s:10:\"2021-08-04\";s:4:\"desc\";s:15:\"Deskripsi Usaha\";s:7:\"address\";s:8:\"wkwkwkkw\";s:5:\"phone\";s:10:\"1234567890\";s:5:\"media\";s:18:\"20210831140647.jpg\";s:3:\"lat\";s:4:\"1234\";s:4:\"long\";s:4:\"4567\";s:2:\"ig\";s:4:\"@123\";s:5:\"email\";s:18:\"donieka8@gmail.com\";}', '2021-08-31 14:06:47', 1, 0, 1, 3),
(270, 'Eka Jaya', 23, 'a:12:{s:4:\"name\";s:8:\"Eka Jaya\";s:5:\"owner\";s:3:\"Eka\";s:11:\"place_birth\";s:5:\"Blora\";s:10:\"date_birth\";s:10:\"2021-08-04\";s:4:\"desc\";s:15:\"Deskripsi Usaha\";s:7:\"address\";s:8:\"wkwkwkkw\";s:5:\"phone\";s:10:\"1234567890\";s:5:\"media\";s:18:\"20210831140658.jpg\";s:3:\"lat\";s:4:\"1234\";s:4:\"long\";s:4:\"4567\";s:2:\"ig\";s:4:\"@123\";s:5:\"email\";s:18:\"donieka8@gmail.com\";}', '2021-08-31 14:06:58', 1, 0, 1, 3),
(271, 'Eka Jaya', 23, 'a:12:{s:4:\"name\";s:8:\"Eka Jaya\";s:5:\"owner\";s:3:\"Eka\";s:11:\"place_birth\";s:5:\"Blora\";s:10:\"date_birth\";s:10:\"2021-08-04\";s:4:\"desc\";s:15:\"Deskripsi Usaha\";s:7:\"address\";s:8:\"wkwkwkkw\";s:5:\"phone\";s:10:\"1234567890\";s:5:\"media\";s:36:\"39dc33e0db0b4fa14723193f229cb970.jpg\";s:3:\"lat\";s:4:\"1234\";s:4:\"long\";s:4:\"4567\";s:2:\"ig\";s:4:\"@123\";s:5:\"email\";s:18:\"donieka8@gmail.com\";}', '2021-08-31 14:08:01', 1, 0, 1, 3),
(272, 'Eka Jaya', 23, 'a:12:{s:4:\"name\";s:8:\"Eka Jaya\";s:5:\"owner\";s:3:\"Eka\";s:11:\"place_birth\";s:5:\"Blora\";s:10:\"date_birth\";s:10:\"2021-08-04\";s:4:\"desc\";s:15:\"Deskripsi Usaha\";s:7:\"address\";s:8:\"wkwkwkkw\";s:5:\"phone\";s:10:\"1234567890\";s:5:\"media\";s:36:\"39dc33e0db0b4fa14723193f229cb970.jpg\";s:3:\"lat\";s:4:\"1234\";s:4:\"long\";s:4:\"4567\";s:2:\"ig\";s:4:\"@123\";s:5:\"email\";s:18:\"donieka8@gmail.com\";}', '2021-08-31 14:08:09', 1, 0, 1, 3),
(273, 'Eka Jaya', 23, 'a:12:{s:4:\"name\";s:8:\"Eka Jaya\";s:5:\"owner\";s:3:\"Eka\";s:11:\"place_birth\";s:5:\"Blora\";s:10:\"date_birth\";s:10:\"2021-08-04\";s:4:\"desc\";s:15:\"Deskripsi Usaha\";s:7:\"address\";s:8:\"wkwkwkkw\";s:5:\"phone\";s:10:\"1234567890\";s:5:\"media\";s:36:\"39dc33e0db0b4fa14723193f229cb970.jpg\";s:3:\"lat\";s:4:\"1234\";s:4:\"long\";s:4:\"4567\";s:2:\"ig\";s:4:\"@123\";s:5:\"email\";s:18:\"donieka8@gmail.com\";}', '2021-08-31 14:10:59', 1, 0, 1, 3),
(274, 'Eka Jaya', 23, 'a:12:{s:4:\"name\";s:8:\"Eka Jaya\";s:5:\"owner\";s:3:\"Eka\";s:11:\"place_birth\";s:5:\"Blora\";s:10:\"date_birth\";s:10:\"2021-08-04\";s:4:\"desc\";s:15:\"Deskripsi Usaha\";s:7:\"address\";s:8:\"wkwkwkkw\";s:5:\"phone\";s:10:\"1234567890\";s:5:\"media\";s:36:\"39dc33e0db0b4fa14723193f229cb970.jpg\";s:3:\"lat\";s:4:\"1234\";s:4:\"long\";s:4:\"4567\";s:2:\"ig\";s:4:\"@123\";s:5:\"email\";s:18:\"donieka8@gmail.com\";}', '2021-08-31 14:12:01', 1, 0, 1, 3),
(275, 'Eka Jaya', 23, 'a:12:{s:4:\"name\";s:8:\"Eka Jaya\";s:5:\"owner\";s:3:\"Eka\";s:11:\"place_birth\";s:5:\"Blora\";s:10:\"date_birth\";s:10:\"2021-08-04\";s:4:\"desc\";s:15:\"Deskripsi Usaha\";s:7:\"address\";s:8:\"wkwkwkkw\";s:5:\"phone\";s:10:\"1234567890\";s:5:\"media\";s:98:\"Screenshot_2021-08-31_at_08-21-56_Online_Mall_Blibli_com,_Sensasi_Belanja_Online_Shop_ala_Mall.png\";s:3:\"lat\";s:4:\"1234\";s:4:\"long\";s:4:\"4567\";s:2:\"ig\";s:4:\"@123\";s:5:\"email\";s:18:\"donieka8@gmail.com\";}', '2021-08-31 14:13:32', 1, 0, 1, 3),
(276, 'Eka Jaya', 23, 'a:12:{s:4:\"name\";s:8:\"Eka Jaya\";s:5:\"owner\";s:3:\"Eka\";s:11:\"place_birth\";s:5:\"Blora\";s:10:\"date_birth\";s:10:\"2021-08-04\";s:4:\"desc\";s:15:\"Deskripsi Usaha\";s:7:\"address\";s:8:\"wkwkwkkw\";s:5:\"phone\";s:10:\"1234567890\";s:5:\"media\";s:98:\"Screenshot_2021-08-31_at_08-21-56_Online_Mall_Blibli_com,_Sensasi_Belanja_Online_Shop_ala_Mall.png\";s:3:\"lat\";s:4:\"1234\";s:4:\"long\";s:4:\"4567\";s:2:\"ig\";s:4:\"@123\";s:5:\"email\";s:18:\"donieka8@gmail.com\";}', '2021-08-31 14:15:30', 1, 0, 1, 3),
(277, 'Eka Jaya', 23, 'a:12:{s:4:\"name\";s:8:\"Eka Jaya\";s:5:\"owner\";s:3:\"Eka\";s:11:\"place_birth\";s:5:\"Blora\";s:10:\"date_birth\";s:10:\"2021-08-04\";s:4:\"desc\";s:15:\"Deskripsi Usaha\";s:7:\"address\";s:8:\"wkwkwkkw\";s:5:\"phone\";s:10:\"1234567890\";s:5:\"media\";s:98:\"Screenshot_2021-08-31_at_08-21-56_Online_Mall_Blibli_com,_Sensasi_Belanja_Online_Shop_ala_Mall.png\";s:3:\"lat\";s:4:\"1234\";s:4:\"long\";s:4:\"4567\";s:2:\"ig\";s:4:\"@123\";s:5:\"email\";s:18:\"donieka8@gmail.com\";}', '2021-08-31 14:15:59', 1, 0, 1, 3),
(278, 'Eka Jaya', 23, 'a:12:{s:4:\"name\";s:8:\"Eka Jaya\";s:5:\"owner\";s:3:\"Eka\";s:11:\"place_birth\";s:5:\"Blora\";s:10:\"date_birth\";s:10:\"2021-08-04\";s:4:\"desc\";s:15:\"Deskripsi Usaha\";s:7:\"address\";s:8:\"wkwkwkkw\";s:5:\"phone\";s:10:\"1234567890\";s:5:\"media\";s:98:\"Screenshot_2021-08-31_at_08-21-56_Online_Mall_Blibli_com,_Sensasi_Belanja_Online_Shop_ala_Mall.png\";s:3:\"lat\";s:4:\"1234\";s:4:\"long\";s:4:\"4567\";s:2:\"ig\";s:4:\"@123\";s:5:\"email\";s:18:\"donieka8@gmail.com\";}', '2021-08-31 14:16:57', 1, 0, 1, 3),
(279, 'Eka Jaya', 23, 'a:12:{s:4:\"name\";s:8:\"Eka Jaya\";s:5:\"owner\";s:3:\"Eka\";s:11:\"place_birth\";s:5:\"Blora\";s:10:\"date_birth\";s:10:\"2021-08-04\";s:4:\"desc\";s:15:\"Deskripsi Usaha\";s:7:\"address\";s:8:\"wkwkwkkw\";s:5:\"phone\";s:10:\"1234567890\";s:5:\"media\";s:98:\"Screenshot_2021-08-31_at_08-21-56_Online_Mall_Blibli_com,_Sensasi_Belanja_Online_Shop_ala_Mall.png\";s:3:\"lat\";s:4:\"1234\";s:4:\"long\";s:4:\"4567\";s:2:\"ig\";s:4:\"@123\";s:5:\"email\";s:18:\"donieka8@gmail.com\";}', '2021-08-31 14:17:42', 1, 0, 1, 3),
(280, 'Eka Jaya', 23, 'a:12:{s:4:\"name\";s:8:\"Eka Jaya\";s:5:\"owner\";s:3:\"Eka\";s:11:\"place_birth\";s:5:\"Blora\";s:10:\"date_birth\";s:10:\"2021-08-04\";s:4:\"desc\";s:15:\"Deskripsi Usaha\";s:7:\"address\";s:8:\"wkwkwkkw\";s:5:\"phone\";s:10:\"1234567890\";s:5:\"media\";s:98:\"Screenshot_2021-08-31_at_08-21-56_Online_Mall_Blibli_com,_Sensasi_Belanja_Online_Shop_ala_Mall.png\";s:3:\"lat\";s:4:\"1234\";s:4:\"long\";s:4:\"4567\";s:2:\"ig\";s:4:\"@123\";s:5:\"email\";s:18:\"donieka8@gmail.com\";}', '2021-08-31 14:17:56', 1, 0, 1, 3),
(281, 'Eka Jaya', 23, 'a:12:{s:4:\"name\";s:8:\"Eka Jaya\";s:5:\"owner\";s:3:\"Eka\";s:11:\"place_birth\";s:5:\"Blora\";s:10:\"date_birth\";s:10:\"2021-08-04\";s:4:\"desc\";s:15:\"Deskripsi Usaha\";s:7:\"address\";s:8:\"wkwkwkkw\";s:5:\"phone\";s:10:\"1234567890\";s:5:\"media\";s:18:\"jagung-manis-1.jpg\";s:3:\"lat\";s:4:\"1234\";s:4:\"long\";s:4:\"4567\";s:2:\"ig\";s:4:\"@123\";s:5:\"email\";s:18:\"donieka8@gmail.com\";}', '2021-09-01 06:37:10', 1, 0, 1, 3),
(282, 'Eka Jaya', 23, 'a:12:{s:4:\"name\";s:8:\"Eka Jaya\";s:5:\"owner\";s:3:\"Eka\";s:11:\"place_birth\";s:5:\"Blora\";s:10:\"date_birth\";s:10:\"2021-08-04\";s:4:\"desc\";s:15:\"Deskripsi Usaha\";s:7:\"address\";s:8:\"wkwkwkkw\";s:5:\"phone\";s:10:\"1234567890\";s:5:\"media\";s:18:\"jagung-manis-1.jpg\";s:3:\"lat\";s:4:\"1234\";s:4:\"long\";s:4:\"4567\";s:2:\"ig\";s:4:\"@123\";s:5:\"email\";s:18:\"donieka8@gmail.com\";}', '2021-09-01 06:39:17', 1, 0, 1, 3),
(283, 'Eka Jaya', 23, 'a:12:{s:4:\"name\";s:8:\"Eka Jaya\";s:5:\"owner\";s:3:\"Eka\";s:11:\"place_birth\";s:5:\"Blora\";s:10:\"date_birth\";s:10:\"2021-08-04\";s:4:\"desc\";s:15:\"Deskripsi Usaha\";s:7:\"address\";s:8:\"wkwkwkkw\";s:5:\"phone\";s:10:\"1234567890\";s:5:\"media\";s:18:\"jagung-manis-1.jpg\";s:3:\"lat\";s:4:\"1234\";s:4:\"long\";s:4:\"4567\";s:2:\"ig\";s:4:\"@123\";s:5:\"email\";s:18:\"donieka8@gmail.com\";}', '2021-09-01 06:39:53', 1, 0, 1, 3),
(284, 'Eka Jaya', 23, 'a:12:{s:4:\"name\";s:8:\"Eka Jaya\";s:5:\"owner\";s:3:\"Eka\";s:11:\"place_birth\";s:5:\"Blora\";s:10:\"date_birth\";s:10:\"2021-08-04\";s:4:\"desc\";s:15:\"Deskripsi Usaha\";s:7:\"address\";s:8:\"wkwkwkkw\";s:5:\"phone\";s:10:\"1234567890\";s:5:\"media\";s:18:\"jagung-manis-1.jpg\";s:3:\"lat\";s:4:\"1234\";s:4:\"long\";s:4:\"4567\";s:2:\"ig\";s:4:\"@123\";s:5:\"email\";s:18:\"donieka8@gmail.com\";}', '2021-09-01 06:46:09', 1, 0, 1, 3);
INSERT INTO `trx_usaha` (`id`, `value`, `kecamatan`, `meta`, `created_at`, `created_by`, `active`, `perorangan`, `produksi`) VALUES
(285, 'Eka Jaya', 23, 'a:12:{s:4:\"name\";s:8:\"Eka Jaya\";s:5:\"owner\";s:3:\"Eka\";s:11:\"place_birth\";s:5:\"Blora\";s:10:\"date_birth\";s:10:\"2021-08-04\";s:4:\"desc\";s:15:\"Deskripsi Usaha\";s:7:\"address\";s:8:\"wkwkwkkw\";s:5:\"phone\";s:10:\"1234567890\";s:5:\"media\";s:18:\"jagung-manis-1.jpg\";s:3:\"lat\";s:4:\"1234\";s:4:\"long\";s:4:\"4567\";s:2:\"ig\";s:4:\"@123\";s:5:\"email\";s:18:\"donieka8@gmail.com\";}', '2021-09-01 06:46:24', 1, 0, 1, 3),
(286, 'Eka Jaya', 23, 'a:12:{s:4:\"name\";s:8:\"Eka Jaya\";s:5:\"owner\";s:3:\"Eka\";s:11:\"place_birth\";s:5:\"Blora\";s:10:\"date_birth\";s:10:\"2021-08-04\";s:4:\"desc\";s:15:\"Deskripsi Usaha\";s:7:\"address\";s:8:\"wkwkwkkw\";s:5:\"phone\";s:10:\"1234567890\";s:5:\"media\";s:18:\"jagung-manis-1.jpg\";s:3:\"lat\";s:4:\"1234\";s:4:\"long\";s:4:\"4567\";s:2:\"ig\";s:4:\"@123\";s:5:\"email\";s:18:\"donieka8@gmail.com\";}', '2021-09-01 06:46:54', 1, 0, 1, 3),
(287, 'Eka Jaya', 23, 'a:12:{s:4:\"name\";s:8:\"Eka Jaya\";s:5:\"owner\";s:3:\"Eka\";s:11:\"place_birth\";s:5:\"Blora\";s:10:\"date_birth\";s:10:\"2021-08-04\";s:4:\"desc\";s:15:\"Deskripsi Usaha\";s:7:\"address\";s:8:\"wkwkwkkw\";s:5:\"phone\";s:10:\"1234567890\";s:5:\"media\";s:17:\"KEMBANG-KOL-E.jpg\";s:3:\"lat\";s:4:\"1234\";s:4:\"long\";s:4:\"4567\";s:2:\"ig\";s:4:\"@123\";s:5:\"email\";s:18:\"donieka8@gmail.com\";}', '2021-09-01 06:47:55', 1, 0, 1, 3),
(288, 'Eka Jaya', 23, 'a:12:{s:4:\"name\";s:8:\"Eka Jaya\";s:5:\"owner\";s:3:\"Eka\";s:11:\"place_birth\";s:5:\"Blora\";s:10:\"date_birth\";s:10:\"2021-08-04\";s:4:\"desc\";s:15:\"Deskripsi Usaha\";s:7:\"address\";s:8:\"wkwkwkkw\";s:5:\"phone\";s:10:\"1234567890\";s:5:\"media\";s:17:\"KEMBANG-KOL-E.jpg\";s:3:\"lat\";s:4:\"1234\";s:4:\"long\";s:4:\"4567\";s:2:\"ig\";s:4:\"@123\";s:5:\"email\";s:18:\"donieka8@gmail.com\";}', '2021-09-01 07:00:20', 1, 0, 1, 3),
(289, 'Eka Jaya', 23, 'a:12:{s:4:\"name\";s:8:\"Eka Jaya\";s:5:\"owner\";s:3:\"Eka\";s:11:\"place_birth\";s:5:\"Blora\";s:10:\"date_birth\";s:10:\"2021-08-04\";s:4:\"desc\";s:15:\"Deskripsi Usaha\";s:7:\"address\";s:8:\"wkwkwkkw\";s:5:\"phone\";s:10:\"1234567890\";s:5:\"media\";s:17:\"KEMBANG-KOL-E.jpg\";s:3:\"lat\";s:4:\"1234\";s:4:\"long\";s:4:\"4567\";s:2:\"ig\";s:4:\"@123\";s:5:\"email\";s:18:\"donieka8@gmail.com\";}', '2021-09-01 07:01:24', 1, 0, 1, 3),
(290, 'Eka Jaya', 23, 'a:12:{s:4:\"name\";s:8:\"Eka Jaya\";s:5:\"owner\";s:3:\"Eka\";s:11:\"place_birth\";s:5:\"Blora\";s:10:\"date_birth\";s:10:\"2021-08-04\";s:4:\"desc\";s:15:\"Deskripsi Usaha\";s:7:\"address\";s:8:\"wkwkwkkw\";s:5:\"phone\";s:10:\"1234567890\";s:5:\"media\";s:17:\"KEMBANG-KOL-E.jpg\";s:3:\"lat\";s:4:\"1234\";s:4:\"long\";s:4:\"4567\";s:2:\"ig\";s:4:\"@123\";s:5:\"email\";s:18:\"donieka8@gmail.com\";}', '2021-09-01 07:01:55', 1, 0, 1, 3),
(291, 'Eka Jaya', 23, 'a:12:{s:4:\"name\";s:8:\"Eka Jaya\";s:5:\"owner\";s:3:\"Eka\";s:11:\"place_birth\";s:5:\"Blora\";s:10:\"date_birth\";s:10:\"2021-08-04\";s:4:\"desc\";s:15:\"Deskripsi Usaha\";s:7:\"address\";s:8:\"wkwkwkkw\";s:5:\"phone\";s:10:\"1234567890\";s:5:\"media\";s:17:\"KEMBANG-KOL-E.jpg\";s:3:\"lat\";s:4:\"1234\";s:4:\"long\";s:4:\"4567\";s:2:\"ig\";s:4:\"@123\";s:5:\"email\";s:18:\"donieka8@gmail.com\";}', '2021-09-01 07:03:22', 1, 0, 1, 3),
(292, 'Eka Jaya', 23, 'a:12:{s:4:\"name\";s:8:\"Eka Jaya\";s:5:\"owner\";s:3:\"Eka\";s:11:\"place_birth\";s:5:\"Blora\";s:10:\"date_birth\";s:10:\"2021-08-04\";s:4:\"desc\";s:15:\"Deskripsi Usaha\";s:7:\"address\";s:8:\"wkwkwkkw\";s:5:\"phone\";s:10:\"1234567890\";s:5:\"media\";s:17:\"KEMBANG-KOL-E.jpg\";s:3:\"lat\";s:4:\"1234\";s:4:\"long\";s:4:\"4567\";s:2:\"ig\";s:4:\"@123\";s:5:\"email\";s:18:\"donieka8@gmail.com\";}', '2021-09-01 07:04:47', 1, 0, 1, 3),
(293, 'bunga hias', 36, 'a:12:{s:4:\"name\";s:10:\"bunga hias\";s:5:\"owner\";s:5:\"utari\";s:11:\"place_birth\";s:3:\"byl\";s:10:\"date_birth\";s:10:\"2001-01-01\";s:4:\"desc\";s:20:\"berbagai jenis bunga\";s:7:\"address\";s:67:\"Jl S.Parman No.23 Purwodadi (Bappeda Kabupaten Grobogan)\r\nPurwodadi\";s:5:\"phone\";s:12:\"085796087429\";s:5:\"media\";s:42:\"WhatsApp_Image_2021-08-23_at_08_00_41.jpeg\";s:3:\"lat\";s:10:\"-7.0390839\";s:4:\"long\";s:13:\"110.082309738\";s:2:\"ig\";s:6:\"@bunga\";s:5:\"email\";s:17:\"utariar@gmail.com\";}', '2021-09-02 11:22:53', 1, 0, 1, 3),
(294, 'bunga hias', 36, 'a:12:{s:4:\"name\";s:10:\"bunga hias\";s:5:\"owner\";s:5:\"utari\";s:11:\"place_birth\";s:3:\"byl\";s:10:\"date_birth\";s:10:\"2001-01-01\";s:4:\"desc\";s:20:\"berbagai jenis bunga\";s:7:\"address\";s:67:\"Jl S.Parman No.23 Purwodadi (Bappeda Kabupaten Grobogan)\r\nPurwodadi\";s:5:\"phone\";s:12:\"085796087429\";s:5:\"media\";s:12:\"CIMG0120.JPG\";s:3:\"lat\";s:10:\"-7.0390839\";s:4:\"long\";s:13:\"110.082309738\";s:2:\"ig\";s:6:\"@bunga\";s:5:\"email\";s:17:\"utariar@gmail.com\";}', '2021-09-02 11:28:33', 1, 0, 1, 3),
(295, 'bunga hias', 36, 'a:12:{s:4:\"name\";s:10:\"bunga hias\";s:5:\"owner\";s:5:\"utari\";s:11:\"place_birth\";s:3:\"byl\";s:10:\"date_birth\";s:10:\"2001-01-01\";s:4:\"desc\";s:20:\"berbagai jenis bunga\";s:7:\"address\";s:67:\"Jl S.Parman No.23 Purwodadi (Bappeda Kabupaten Grobogan)\r\nPurwodadi\";s:5:\"phone\";s:12:\"085796087429\";s:5:\"media\";s:12:\"CIMG0120.JPG\";s:3:\"lat\";s:10:\"-7.0390839\";s:4:\"long\";s:13:\"110.082309738\";s:2:\"ig\";s:6:\"@bunga\";s:5:\"email\";s:17:\"utariar@gmail.com\";}', '2021-09-02 11:28:36', 1, 0, 1, 3),
(296, 'bunga hias', 23, 'a:12:{s:4:\"name\";s:10:\"bunga hias\";s:5:\"owner\";s:5:\"utari\";s:11:\"place_birth\";s:3:\"byl\";s:10:\"date_birth\";s:10:\"2001-01-01\";s:4:\"desc\";s:11:\"macam bunga\";s:7:\"address\";s:67:\"Jl S.Parman No.23 Purwodadi (Bappeda Kabupaten Grobogan)\nPurwodadi\";s:5:\"phone\";s:12:\"085796087429\";s:5:\"media\";s:12:\"CIMG0119.JPG\";s:3:\"lat\";s:10:\"-7.0390839\";s:4:\"long\";s:13:\"110.082309738\";s:2:\"ig\";s:6:\"@bunga\";s:5:\"email\";s:17:\"utariar@gmail.com\";}', '2021-09-02 11:30:11', 1, 0, 1, 3),
(297, 'Doni Purnomo', 24, 'a:12:{s:4:\"name\";s:12:\"Doni Purnomo\";s:5:\"owner\";s:4:\"Test\";s:11:\"place_birth\";s:5:\"Blora\";s:10:\"date_birth\";s:10:\"2021-09-06\";s:4:\"desc\";s:10:\"Desc usaha\";s:7:\"address\";s:33:\"Gembyungan RT02 RW04 Randublatung\";s:5:\"phone\";s:14:\"+6285713275367\";s:5:\"media\";s:18:\"jagung-manis-1.jpg\";s:3:\"lat\";s:1:\"1\";s:4:\"long\";s:1:\"2\";s:2:\"ig\";s:3:\"@_s\";s:5:\"email\";s:18:\"donieka8@gmail.com\";}', '2021-09-12 18:35:35', 1, 0, 1, 3),
(298, 'Wahyu Eko Wardiyanto', 27, 'a:10:{s:4:\"name\";s:26:\"Kopi Kedut (Kendeng Utara)\";s:5:\"owner\";s:20:\"Wahyu Eko Wardiyanto\";s:4:\"desc\";s:76:\"Pembuatan kopi dari biji kopi mentah di olah menjadi serbuk kopi siap minum\n\";s:7:\"address\";s:57:\"Dsn. Krajan 1 RT 6 RW 1 Ds. Sumberjatipohon Kec. Grobogan\";s:5:\"phone\";s:13:\"0857421144695\";s:5:\"media\";s:19:\"Logo_Kopi_Kedut.jpg\";s:3:\"lat\";s:10:\"-6.9871849\";s:4:\"long\";s:14:\"110.9298386,19\";s:2:\"ig\";s:0:\"\";s:5:\"email\";s:22:\"wahyueko2866@gmail.com\";}', '2021-10-06 09:13:15', 1, 1, 0, 0),
(299, 'Mulyono', 33, 'a:10:{s:4:\"name\";s:11:\"Mete Gunung\";s:5:\"owner\";s:7:\"Mulyono\";s:4:\"desc\";s:76:\"Mengolah bahan baku (mete basah) menjadi mete mentah siap jual dan mete oven\";s:7:\"address\";s:42:\"Dsn. Nongko Ds. Sumberagung Kec. Ngaringan\";s:5:\"phone\";s:12:\"085227855273\";s:5:\"media\";s:20:\"Logo_Mete_Gunung.jpg\";s:3:\"lat\";s:1:\"-\";s:4:\"long\";N;s:2:\"ig\";s:1:\"-\";s:5:\"email\";s:1:\"-\";}', '2021-10-06 09:13:16', 1, 1, 0, 0),
(300, 'Siti Aisah', 23, 'a:10:{s:4:\"name\";s:23:\"Tiwul Sultan Kang Zakki\";s:5:\"owner\";s:10:\"Siti Aisah\";s:4:\"desc\";s:54:\"makanan tradisional di kemas dengan cita rasa kekinian\";s:7:\"address\";s:64:\"Gangg Sadewa RT.3 RW.2 Desa Jangkungharjo Kec.Brati Kab.Grobogan\";s:5:\"phone\";s:12:\"082329368530\";s:5:\"media\";s:0:\"\";s:3:\"lat\";s:9:\"-7,060584\";s:4:\"long\";s:10:\"110,913169\";s:2:\"ig\";s:0:\"\";s:5:\"email\";s:24:\"zakkiibrahim36@gmail.com\";}', '2021-10-06 09:13:16', 1, 1, 0, 0),
(301, 'Yasinta Dwi Rahayu', 26, 'a:10:{s:4:\"name\";s:10:\"TKTM Store\";s:5:\"owner\";s:18:\"Yasinta Dwi Rahayu\";s:4:\"desc\";s:209:\"Bantal Kursi, Bantal Tidur, Guling dibuat sendiri dari awal memasukan dakron sampai menjahit kain sendiri hingga menjadi bantal yang bermacam-macam ukuran ada ukuran 40X40 ada 45X45 sesuai reques dari konsumen\";s:7:\"address\";s:68:\"JL Raya Semarang-Purwodadi Desa Klampok RT 01 RW 02 Kecamatan Godong\";s:5:\"phone\";s:11:\"08995837706\";s:5:\"media\";s:14:\"Logo_TKTM.jpeg\";s:3:\"lat\";s:9:\"-7.029363\";s:4:\"long\";s:10:\"110.789627\";s:2:\"ig\";s:15:\"ig : @tktmstore\";s:5:\"email\";s:22:\"yasintadwi03@gmail.com\";}', '2021-10-06 09:13:16', 1, 1, 0, 0),
(302, 'Israhayuningsih', 36, 'a:10:{s:4:\"name\";s:21:\"Manisan Seger Ancless\";s:5:\"owner\";s:15:\"Israhayuningsih\";s:4:\"desc\";s:71:\"Manisan buah Segerr Ancles dari pepaya, bligo, salak, mangga dan nanas\n\";s:7:\"address\";s:20:\"Kandangan, Purwodadi\";s:5:\"phone\";s:12:\"081331391765\";s:5:\"media\";s:0:\"\";s:3:\"lat\";s:1:\"-\";s:4:\"long\";N;s:2:\"ig\";s:29:\"ig : @segerr_ancles_purwodadi\";s:5:\"email\";s:29:\"israhayuningsih1234@gmail.com\";}', '2021-10-06 09:13:16', 1, 1, 0, 0),
(303, 'Bu Joko', 35, 'a:10:{s:4:\"name\";s:14:\"Kanza Egg Roll\";s:5:\"owner\";s:7:\"Bu Joko\";s:4:\"desc\";s:57:\"Pengolahan bahan-bahan menjadi egg roll yang enak rasanya\";s:7:\"address\";s:9:\"Pulokulon\";s:5:\"phone\";s:12:\"085225967448\";s:5:\"media\";s:0:\"\";s:3:\"lat\";s:1:\"-\";s:4:\"long\";N;s:2:\"ig\";s:19:\"ig : @kanza_eggroll\";s:5:\"email\";s:20:\" jonipee84@gmail.com\";}', '2021-10-06 09:13:16', 1, 1, 0, 0),
(304, 'Marmi', 40, 'a:10:{s:4:\"name\";s:26:\"Keripik Tempe Berkah Mulia\";s:5:\"owner\";s:5:\"Marmi\";s:4:\"desc\";s:79:\"Pengolahan tempe mentah menjadi snack kripik tempe yang mengundang selera makan\";s:7:\"address\";s:5:\"Toroh\";s:5:\"phone\";s:12:\"085784470943\";s:5:\"media\";s:0:\"\";s:3:\"lat\";s:1:\"-\";s:4:\"long\";N;s:2:\"ig\";s:0:\"\";s:5:\"email\";s:23:\"berkahmulia26@gmail.com\";}', '2021-10-06 09:13:16', 1, 1, 0, 0),
(305, 'Devita Noti Wijaya', 26, 'a:10:{s:4:\"name\";s:33:\"UMKM Hidayat Jati Research Center\";s:5:\"owner\";s:18:\"Devita Noti Wijaya\";s:4:\"desc\";s:149:\"Pengolahan makanan dari tempe menjadi tempe sehat, tahu sehat, kripik tempe, pelatihan pembuatan tempe dan pelatihan pengolahan limbah tahu dan tempe\";s:7:\"address\";s:41:\"Dusun Ngablak, Desa Kemloko, RT/RW : 20/7\";s:5:\"phone\";s:12:\"085219391424\";s:5:\"media\";s:42:\"Logo_UMKM_Hidayat_Jati_Research_Center.jpg\";s:3:\"lat\";s:10:\"-7,0417902\";s:4:\"long\";s:11:\"110,7949117\";s:2:\"ig\";s:22:\"facebook : Tempe Sehat\";s:5:\"email\";s:21:\"devitawahid@gmail.com\";}', '2021-10-06 09:13:16', 1, 1, 0, 0),
(306, 'Erna Wahyuningtyas', 36, 'a:10:{s:4:\"name\";s:26:\"Sanggar Tari Gandhes Luwes\";s:5:\"owner\";s:18:\"Erna Wahyuningtyas\";s:4:\"desc\";s:68:\"Melestarikan seni Tari Tradisional Jawa adalah salah satu tugas kita\";s:7:\"address\";s:78:\"Perum Griya Praja Jl Halmahera I no 60 RT 04 RW 023 Kuripan Purwodadi Grobogan\";s:5:\"phone\";s:12:\"081328789125\";s:5:\"media\";s:0:\"\";s:3:\"lat\";s:9:\"-7.083102\";s:4:\"long\";s:10:\"110.889239\";s:2:\"ig\";s:29:\"facebook : erna wahyuningtyas\";s:5:\"email\";s:28:\"ernawahyuningtyas0@gmail.com\";}', '2021-10-06 09:13:16', 1, 1, 0, 0),
(307, 'CV. KURIPAN JATI', 36, 'a:12:{s:4:\"name\";s:16:\"CV. KURIPAN JATI\";s:5:\"owner\";s:30:\"Ir. H. MOH NUGROHO ADI KUNCORO\";s:11:\"place_birth\";s:8:\"GROBOGAN\";s:10:\"date_birth\";s:10:\"1965-01-19\";s:4:\"desc\";s:39:\"Pengolahan Kayu, Furniture & Handy Craf\";s:7:\"address\";s:48:\"Jl. A Yani No. 95 Kuripan RT.03 RW.11, Purwodadi\";s:5:\"phone\";s:12:\"081328765722\";s:5:\"media\";s:22:\"01_Logo_KJ_baru_ok.jpg\";s:3:\"lat\";s:14:\"7.4\'52.8006\" S\";s:4:\"long\";s:16:\"110.54\'9.2128\" E\";s:2:\"ig\";s:19:\"www.kuripanjati.com\";s:5:\"email\";s:21:\"kuripanjati@gmail.com\";}', '2021-10-07 10:47:41', 1, 0, 2, 3),
(308, 'CV. KURIPAN JATI', 36, 'a:12:{s:4:\"name\";s:16:\"CV. KURIPAN JATI\";s:5:\"owner\";s:30:\"Ir. H. MOH NUGROHO ADI KUNCORO\";s:11:\"place_birth\";s:8:\"GROBOGAN\";s:10:\"date_birth\";s:10:\"1965-01-19\";s:4:\"desc\";s:39:\"Pengolahan Kayu, Furniture & Handy Craf\";s:7:\"address\";s:48:\"Jl. A Yani No. 95 Kuripan RT.03 RW.11, Purwodadi\";s:5:\"phone\";s:12:\"081328765722\";s:5:\"media\";s:22:\"01_Logo_KJ_baru_ok.jpg\";s:3:\"lat\";s:14:\"7.4\'52.8006\" S\";s:4:\"long\";s:16:\"110.54\'9.2128\" E\";s:2:\"ig\";s:19:\"www.kuripanjati.com\";s:5:\"email\";s:21:\"kuripanjati@gmail.com\";}', '2021-10-07 10:47:54', 1, 0, 2, 3),
(309, 'CV. KURIPAN JATI', 36, 'a:12:{s:4:\"name\";s:16:\"CV. KURIPAN JATI\";s:5:\"owner\";s:30:\"Ir. H. MOH NUGROHO ADI KUNCORO\";s:11:\"place_birth\";s:8:\"GROBOGAN\";s:10:\"date_birth\";s:10:\"1965-01-19\";s:4:\"desc\";s:39:\"Pengolahan Kayu, Furniture & Handy Craf\";s:7:\"address\";s:48:\"Jl. A Yani No. 95 Kuripan RT.03 RW.11, Purwodadi\";s:5:\"phone\";s:12:\"081328765722\";s:5:\"media\";s:22:\"01_Logo_KJ_baru_ok.jpg\";s:3:\"lat\";s:14:\"7.4\'52.8006\" S\";s:4:\"long\";s:16:\"110.54\'9.2128\" E\";s:2:\"ig\";s:19:\"www.kuripanjati.com\";s:5:\"email\";s:21:\"kuripanjati@gmail.com\";}', '2021-10-07 10:47:58', 1, 1, 1, 3),
(310, 'Sss', 25, 'a:12:{s:4:\"name\";s:3:\"Sss\";s:5:\"owner\";s:2:\"Aa\";s:11:\"place_birth\";s:2:\"Aa\";s:10:\"date_birth\";s:10:\"2008-05-01\";s:4:\"desc\";s:2:\"Aa\";s:7:\"address\";s:4:\"Hhhh\";s:5:\"phone\";s:2:\"00\";s:5:\"media\";s:23:\"IMG-20211007-WA0044.jpg\";s:3:\"lat\";s:1:\"A\";s:4:\"long\";s:1:\"B\";s:2:\"ig\";s:3:\"Eee\";s:5:\"email\";s:4:\"Rrrr\";}', '2021-10-08 08:47:56', 1, 0, 1, 3),
(311, 'Pawon Yu Cebretz', 27, 'a:12:{s:4:\"name\";s:16:\"Pawon Yu Cebretz\";s:5:\"owner\";s:16:\"Septi Widyastuti\";s:11:\"place_birth\";s:9:\"Grobogan \";s:10:\"date_birth\";s:10:\"1980-06-14\";s:4:\"desc\";s:70:\"Melayani pemesanan cake, tart, puddinh, cookies,  snack dan nasi kotak\";s:7:\"address\";s:42:\"Jl. Harjuna no. 10 Perumahan Grobogan Asri\";s:5:\"phone\";s:12:\"085226456500\";s:5:\"media\";s:32:\"PhotoGrid_Plus_1633674858017.jpg\";s:3:\"lat\";s:10:\"-7.018933,\";s:4:\"long\";s:10:\"110.918492\";s:2:\"ig\";s:20:\"Ig : @pawonyucebretz\";s:5:\"email\";s:19:\"Bankit168@yahoo.com\";}', '2021-10-08 13:58:03', 1, 1, 1, 3),
(312, 'Pawon Yu Cebretz', 27, 'a:12:{s:4:\"name\";s:16:\"Pawon Yu Cebretz\";s:5:\"owner\";s:16:\"Septi Widyastuti\";s:11:\"place_birth\";s:9:\"Grobogan \";s:10:\"date_birth\";s:10:\"1980-06-14\";s:4:\"desc\";s:70:\"Melayani pemesanan cake, tart, puddinh, cookies,  snack dan nasi kotak\";s:7:\"address\";s:42:\"Jl. Harjuna no. 10 Perumahan Grobogan Asri\";s:5:\"phone\";s:12:\"085226456500\";s:5:\"media\";s:32:\"PhotoGrid_Plus_1633674858017.jpg\";s:3:\"lat\";s:10:\"-7.018933,\";s:4:\"long\";s:10:\"110.918492\";s:2:\"ig\";s:20:\"Ig : @pawonyucebretz\";s:5:\"email\";s:19:\"Bankit168@yahoo.com\";}', '2021-10-08 13:58:15', 1, 0, 1, 3),
(313, 'Pawon Yu Cebretz', 27, 'a:12:{s:4:\"name\";s:16:\"Pawon Yu Cebretz\";s:5:\"owner\";s:16:\"Septi Widyastuti\";s:11:\"place_birth\";s:9:\"Grobogan \";s:10:\"date_birth\";s:10:\"1980-06-14\";s:4:\"desc\";s:70:\"Melayani pemesanan cake, tart, puddinh, cookies,  snack dan nasi kotak\";s:7:\"address\";s:42:\"Jl. Harjuna no. 10 Perumahan Grobogan Asri\";s:5:\"phone\";s:12:\"085226456500\";s:5:\"media\";s:32:\"PhotoGrid_Plus_1633674858017.jpg\";s:3:\"lat\";s:10:\"-7.018933,\";s:4:\"long\";s:10:\"110.918492\";s:2:\"ig\";s:20:\"Ig : @pawonyucebretz\";s:5:\"email\";s:19:\"Bankit168@yahoo.com\";}', '2021-10-08 13:58:19', 1, 0, 1, 3),
(314, 'UPPKS Sido makmur 3', 32, 'a:12:{s:4:\"name\";s:19:\"UPPKS Sido makmur 3\";s:5:\"owner\";s:15:\"Inayatur Rohmah\";s:11:\"place_birth\";s:8:\"Grobogan\";s:10:\"date_birth\";s:10:\"1990-04-02\";s:4:\"desc\";s:12:\"Jual makanan\";s:7:\"address\";s:65:\"RT 05 Rw 03 dusun Doro Desa Tanjungsari kec Kradenan kab Grobogan\";s:5:\"phone\";s:12:\"082257317725\";s:5:\"media\";s:17:\"1625215586857.jpg\";s:3:\"lat\";s:1:\",\";s:4:\"long\";s:1:\",\";s:2:\"ig\";s:2:\"Fb\";s:5:\"email\";s:21:\"inayaharin5@gmail.com\";}', '2021-10-08 18:26:59', 1, 1, 1, 3),
(315, 'Roti semprong', 32, 'a:12:{s:4:\"name\";s:13:\"Roti semprong\";s:5:\"owner\";s:5:\"Harti\";s:11:\"place_birth\";s:8:\"Grobogan\";s:10:\"date_birth\";s:10:\"2020-08-03\";s:4:\"desc\";s:22:\"Roti semprong Bu harti\";s:7:\"address\";s:17:\"Desa tanjungsari \";s:5:\"phone\";s:12:\"085229010676\";s:5:\"media\";s:24:\"IMG-20210413-WA0002.jpeg\";s:3:\"lat\";s:3:\"Njb\";s:4:\"long\";s:3:\"Bbb\";s:2:\"ig\";s:5:\"Jdhdb\";s:5:\"email\";s:15:\"Harti@gmail.com\";}', '2021-10-09 05:32:29', 1, 1, 1, 3),
(316, 'Roti semprong', 32, 'a:12:{s:4:\"name\";s:13:\"Roti semprong\";s:5:\"owner\";s:5:\"Harti\";s:11:\"place_birth\";s:8:\"Grobogan\";s:10:\"date_birth\";s:10:\"2020-08-03\";s:4:\"desc\";s:22:\"Roti semprong Bu harti\";s:7:\"address\";s:17:\"Desa tanjungsari \";s:5:\"phone\";s:12:\"085229010676\";s:5:\"media\";s:24:\"IMG-20210413-WA0002.jpeg\";s:3:\"lat\";s:3:\"Njb\";s:4:\"long\";s:3:\"Bbb\";s:2:\"ig\";s:5:\"Jdhdb\";s:5:\"email\";s:15:\"Harti@gmail.com\";}', '2021-10-09 05:32:50', 1, 0, 1, 3),
(317, 'BERKAH ABADI CRAFT', 35, 'a:12:{s:4:\"name\";s:18:\"BERKAH ABADI CRAFT\";s:5:\"owner\";s:12:\"KUSNANINGSIH\";s:11:\"place_birth\";s:8:\"GROBOGAN\";s:10:\"date_birth\";s:10:\"1976-10-15\";s:4:\"desc\";s:47:\"KERAJINAN TANGAN PEMBUATAN SOUVENIR, BUNGA BROS\";s:7:\"address\";s:40:\"DSN MLOWO RT 01 RW 2 DS MLOWOKARANGTALUN\";s:5:\"phone\";s:12:\"081227097173\";s:5:\"media\";s:8:\"LOGO.png\";s:3:\"lat\";s:17:\"-7.19076636906853\";s:4:\"long\";s:16:\"111.072411331189\";s:2:\"ig\";s:8:\"BA CRAFT\";s:5:\"email\";s:37:\"berkahabadimlowokarangtalun@gmail.com\";}', '2021-10-13 13:47:49', 1, 1, 2, 3),
(318, 'Cappy Craft', 36, 'a:12:{s:4:\"name\";s:11:\"Cappy Craft\";s:5:\"owner\";s:11:\"Ika Purba K\";s:11:\"place_birth\";s:6:\"Sleman\";s:10:\"date_birth\";s:10:\"1984-10-11\";s:4:\"desc\";s:73:\"Cappy Craft membuat produk berupa totebag, bantal, boneka, slingbag dll. \";s:7:\"address\";s:24:\"Jl. Diponegoro 91 Dayang\";s:5:\"phone\";s:12:\"082242564263\";s:5:\"media\";s:24:\"FB_IMG_1554012165950.jpg\";s:3:\"lat\";s:9:\"-7.107507\";s:4:\"long\";s:10:\"110.911905\";s:2:\"ig\";s:22:\"Instagram @cappy_craft\";s:5:\"email\";s:20:\"cappycuppy@gmail.com\";}', '2021-11-08 09:52:04', 1, 1, 1, 3),
(319, 'Cappy Craft', 36, 'a:12:{s:4:\"name\";s:11:\"Cappy Craft\";s:5:\"owner\";s:11:\"Ika Purba K\";s:11:\"place_birth\";s:6:\"Sleman\";s:10:\"date_birth\";s:10:\"1984-10-11\";s:4:\"desc\";s:73:\"Cappy Craft membuat produk berupa totebag, bantal, boneka, slingbag dll. \";s:7:\"address\";s:24:\"Jl. Diponegoro 91 Dayang\";s:5:\"phone\";s:12:\"082242564263\";s:5:\"media\";s:24:\"FB_IMG_1554012165950.jpg\";s:3:\"lat\";s:9:\"-7.107507\";s:4:\"long\";s:10:\"110.911905\";s:2:\"ig\";s:22:\"Instagram @cappy_craft\";s:5:\"email\";s:20:\"cappycuppy@gmail.com\";}', '2021-11-08 09:52:36', 1, 0, 1, 3),
(320, 'Geprek sengit', 36, 'a:12:{s:4:\"name\";s:13:\"Geprek sengit\";s:5:\"owner\";s:10:\"Lindiawati\";s:11:\"place_birth\";s:8:\"Grobogan\";s:10:\"date_birth\";s:10:\"1997-03-22\";s:4:\"desc\";s:218:\"Usaha kuliner Geprek Sengit berbagai menu mulai dari : ayam geprek , ayam bakar, kulit crispy , jamur crispy , lele bakar , ayam matah , mie ayam geprek , tempe geprek , terong geprek , ayam asam manis , wings fire dll\";s:7:\"address\";s:48:\"Jalan Tentara Pelajar ( Ganesa ke selatan 100m )\";s:5:\"phone\";s:12:\"089688259468\";s:5:\"media\";s:23:\"IMG_20211115_095739.jpg\";s:3:\"lat\";s:1:\"2\";s:4:\"long\";s:7:\"3 tahun\";s:2:\"ig\";s:12:\"Gepreksengit\";s:5:\"email\";s:23:\"lindaiwati290@gmail.com\";}', '2021-11-15 10:01:17', 1, 0, 1, 3),
(321, 'Geprek sengit', 36, 'a:12:{s:4:\"name\";s:13:\"Geprek sengit\";s:5:\"owner\";s:10:\"Lindiawati\";s:11:\"place_birth\";s:8:\"Grobogan\";s:10:\"date_birth\";s:10:\"1997-03-22\";s:4:\"desc\";s:218:\"Usaha kuliner Geprek Sengit berbagai menu mulai dari : ayam geprek , ayam bakar, kulit crispy , jamur crispy , lele bakar , ayam matah , mie ayam geprek , tempe geprek , terong geprek , ayam asam manis , wings fire dll\";s:7:\"address\";s:48:\"Jalan Tentara Pelajar ( Ganesa ke selatan 100m )\";s:5:\"phone\";s:12:\"089688259468\";s:5:\"media\";s:23:\"IMG_20211115_095739.jpg\";s:3:\"lat\";s:1:\"2\";s:4:\"long\";s:7:\"3 tahun\";s:2:\"ig\";s:12:\"Gepreksengit\";s:5:\"email\";s:23:\"lindaiwati290@gmail.com\";}', '2021-11-15 10:01:47', 1, 1, 1, 3),
(322, 'Geprek sengit', 36, 'a:12:{s:4:\"name\";s:13:\"Geprek sengit\";s:5:\"owner\";s:10:\"Lindiawati\";s:11:\"place_birth\";s:8:\"Grobogan\";s:10:\"date_birth\";s:10:\"1997-03-22\";s:4:\"desc\";s:218:\"Usaha kuliner Geprek Sengit berbagai menu mulai dari : ayam geprek , ayam bakar, kulit crispy , jamur crispy , lele bakar , ayam matah , mie ayam geprek , tempe geprek , terong geprek , ayam asam manis , wings fire dll\";s:7:\"address\";s:48:\"Jalan Tentara Pelajar ( Ganesa ke selatan 100m )\";s:5:\"phone\";s:12:\"089688259468\";s:5:\"media\";s:23:\"IMG_20211115_095739.jpg\";s:3:\"lat\";s:1:\"2\";s:4:\"long\";s:7:\"3 tahun\";s:2:\"ig\";s:12:\"Gepreksengit\";s:5:\"email\";s:23:\"lindaiwati290@gmail.com\";}', '2021-11-15 10:02:04', 1, 0, 1, 3),
(323, 'Geprek sengit', 36, 'a:12:{s:4:\"name\";s:13:\"Geprek sengit\";s:5:\"owner\";s:10:\"Lindiawati\";s:11:\"place_birth\";s:8:\"Grobogan\";s:10:\"date_birth\";s:10:\"1997-03-22\";s:4:\"desc\";s:218:\"Usaha kuliner Geprek Sengit berbagai menu mulai dari : ayam geprek , ayam bakar, kulit crispy , jamur crispy , lele bakar , ayam matah , mie ayam geprek , tempe geprek , terong geprek , ayam asam manis , wings fire dll\";s:7:\"address\";s:48:\"Jalan Tentara Pelajar ( Ganesa ke selatan 100m )\";s:5:\"phone\";s:12:\"089688259468\";s:5:\"media\";s:23:\"IMG_20211115_095739.jpg\";s:3:\"lat\";s:1:\"2\";s:4:\"long\";s:7:\"3 tahun\";s:2:\"ig\";s:12:\"Gepreksengit\";s:5:\"email\";s:23:\"lindaiwati290@gmail.com\";}', '2021-11-15 10:02:05', 1, 0, 1, 3),
(324, 'Geprek sengit', 36, 'a:12:{s:4:\"name\";s:13:\"Geprek sengit\";s:5:\"owner\";s:10:\"Lindiawati\";s:11:\"place_birth\";s:8:\"Grobogan\";s:10:\"date_birth\";s:10:\"1997-03-22\";s:4:\"desc\";s:218:\"Usaha kuliner Geprek Sengit berbagai menu mulai dari : ayam geprek , ayam bakar, kulit crispy , jamur crispy , lele bakar , ayam matah , mie ayam geprek , tempe geprek , terong geprek , ayam asam manis , wings fire dll\";s:7:\"address\";s:48:\"Jalan Tentara Pelajar ( Ganesa ke selatan 100m )\";s:5:\"phone\";s:12:\"089688259468\";s:5:\"media\";s:23:\"IMG_20211115_095739.jpg\";s:3:\"lat\";s:1:\"2\";s:4:\"long\";s:7:\"3 tahun\";s:2:\"ig\";s:12:\"Gepreksengit\";s:5:\"email\";s:23:\"lindaiwati290@gmail.com\";}', '2021-11-15 10:02:06', 1, 0, 1, 3),
(327, 'g', 36, 'a:12:{s:4:\"name\";s:1:\"g\";s:5:\"owner\";s:2:\"hc\";s:11:\"place_birth\";s:1:\"y\";s:10:\"date_birth\";s:10:\"2021-12-18\";s:4:\"desc\";s:2:\" b\";s:7:\"address\";s:1:\"y\";s:5:\"phone\";s:1:\"y\";s:5:\"media\";s:9:\"b_php.jpg\";s:3:\"lat\";s:2:\"hh\";s:4:\"long\";s:1:\"h\";s:2:\"ig\";s:1:\"y\";s:5:\"email\";s:1:\"y\";}', '2021-12-27 13:37:53', 1, 0, 1, 3);

-- --------------------------------------------------------

--
-- Table structure for table `trx_usaha_map`
--

CREATE TABLE `trx_usaha_map` (
  `id` int(11) NOT NULL,
  `id_usaha` int(11) NOT NULL,
  `id_grup` int(11) NOT NULL
) ENGINE=InnoDB DEFAULT CHARSET=latin1;

--
-- Dumping data for table `trx_usaha_map`
--

INSERT INTO `trx_usaha_map` (`id`, `id_usaha`, `id_grup`) VALUES
(1, 2, 27),
(2, 2, 13),
(3, 3, 36),
(4, 3, 6),
(5, 4, 36),
(6, 4, 6),
(7, 5, 41),
(8, 5, 15),
(9, 6, 35),
(10, 6, 6),
(11, 7, 36),
(12, 7, 5),
(13, 8, 36),
(14, 8, 5),
(15, 9, 33),
(16, 9, 6),
(17, 10, 32),
(18, 10, 5),
(19, 11, 36),
(20, 11, 10),
(21, 12, 28),
(22, 12, 8),
(23, 13, 36),
(24, 13, 5),
(25, 14, 36),
(26, 14, 5),
(27, 15, 36),
(28, 15, 19),
(29, 16, 28),
(30, 16, 15),
(31, 17, 36),
(32, 17, 5),
(33, 18, 36),
(34, 18, 5),
(35, 21, 36),
(36, 21, 5),
(37, 22, 36),
(38, 22, 7),
(39, 24, 28),
(40, 24, 8),
(41, 26, 36),
(42, 26, 6),
(43, 27, 36),
(44, 27, 7),
(45, 29, 27),
(46, 29, 5),
(47, 34, 39),
(48, 34, 5),
(49, 36, 28),
(50, 36, 14),
(51, 38, 34),
(52, 38, 14),
(53, 39, 40),
(54, 39, 14),
(55, 40, 28),
(56, 40, 5),
(57, 41, 36),
(58, 41, 5),
(59, 42, 36),
(60, 42, 5),
(61, 43, 28),
(62, 43, 14),
(63, 45, 23),
(64, 45, 5),
(65, 47, 41),
(66, 47, 6),
(67, 48, 40),
(68, 48, 5),
(69, 50, 29),
(70, 50, 5),
(71, 51, 36),
(72, 51, 5),
(73, 52, 23),
(74, 52, 6),
(75, 53, 35),
(76, 53, 5),
(77, 54, 39),
(78, 54, 5),
(79, 55, 41),
(80, 55, 5),
(81, 57, 29),
(82, 57, 5),
(83, 59, 34),
(84, 59, 12),
(85, 60, 36),
(86, 60, 5),
(87, 62, 40),
(88, 62, 5),
(89, 63, 29),
(90, 63, 7),
(91, 65, 25),
(92, 65, 6),
(93, 67, 28),
(94, 67, 5),
(95, 68, 40),
(96, 68, 5),
(97, 69, 36),
(98, 69, 5),
(99, 70, 23),
(100, 70, 5),
(101, 71, 26),
(102, 71, 5),
(103, 72, 36),
(104, 72, 5),
(105, 73, 36),
(106, 73, 5),
(107, 74, 28),
(108, 74, 5),
(109, 76, 29),
(110, 76, 5),
(111, 78, 41),
(112, 78, 5),
(113, 80, 23),
(114, 80, 6),
(115, 81, 27),
(116, 81, 5),
(117, 82, 36),
(118, 82, 5),
(119, 83, 34),
(120, 83, 5),
(121, 84, 32),
(122, 84, 6),
(123, 85, 36),
(124, 85, 6),
(125, 86, 32),
(126, 86, 5),
(127, 87, 40),
(128, 87, 5),
(129, 88, 36),
(130, 88, 5),
(131, 89, 40),
(132, 89, 5),
(133, 90, 33),
(134, 90, 6),
(135, 91, 40),
(136, 91, 5),
(137, 92, 41),
(138, 92, 5),
(139, 94, 26),
(140, 94, 7),
(141, 95, 36),
(142, 95, 7),
(143, 96, 36),
(144, 96, 5),
(145, 98, 36),
(146, 98, 12),
(147, 105, 36),
(148, 105, 5),
(149, 106, 36),
(150, 106, 5),
(151, 108, 32),
(152, 108, 14),
(153, 109, 36),
(154, 109, 5),
(155, 113, 26),
(156, 113, 5),
(157, 114, 26),
(158, 114, 5),
(159, 115, 33),
(160, 115, 5),
(161, 116, 36),
(162, 116, 7),
(163, 117, 35),
(164, 117, 11),
(165, 118, 35),
(166, 118, 6),
(167, 119, 36),
(168, 119, 5),
(169, 120, 36),
(170, 120, 5),
(171, 121, 27),
(172, 121, 14),
(173, 122, 36),
(174, 122, 5),
(175, 123, 36),
(176, 123, 5),
(177, 124, 32),
(178, 124, 5),
(179, 125, 32),
(180, 125, 6),
(181, 127, 36),
(182, 127, 5),
(183, 128, 33),
(184, 128, 12),
(185, 129, 24),
(186, 129, 6),
(187, 130, 32),
(188, 130, 5),
(189, 131, 36),
(190, 131, 5),
(191, 132, 36),
(192, 132, 12),
(193, 133, 36),
(194, 133, 5),
(195, 134, 25),
(196, 134, 5),
(197, 136, 23),
(198, 136, 6),
(199, 137, 36),
(200, 137, 6),
(201, 139, 36),
(202, 139, 5),
(203, 141, 41),
(204, 141, 6),
(205, 142, 36),
(206, 142, 7),
(207, 143, 34),
(208, 143, 12),
(209, 144, 23),
(210, 144, 12),
(211, 149, 32),
(212, 149, 7),
(213, 150, 23),
(214, 150, 8),
(215, 151, 25),
(216, 151, 6),
(217, 156, 40),
(218, 156, 6),
(219, 158, 29),
(220, 158, 5),
(221, 159, 26),
(222, 159, 7),
(223, 160, 40),
(224, 160, 6),
(225, 161, 36),
(226, 161, 19),
(227, 162, 37),
(228, 162, 5),
(229, 163, 36),
(230, 163, 7),
(231, 164, 41),
(232, 164, 6),
(233, 165, 32),
(234, 165, 5),
(235, 166, 40),
(236, 166, 5),
(237, 167, 41),
(238, 167, 6),
(239, 169, 40),
(240, 169, 5),
(241, 170, 41),
(242, 170, 5),
(243, 171, 31),
(244, 171, 19),
(245, 173, 36),
(246, 173, 19),
(247, 177, 32),
(248, 177, 6),
(249, 178, 28),
(250, 178, 15),
(251, 179, 31),
(252, 179, 5),
(253, 180, 27),
(254, 180, 5),
(255, 181, 36),
(256, 181, 6),
(257, 182, 25),
(258, 182, 5),
(259, 183, 36),
(260, 183, 5),
(261, 184, 36),
(262, 184, 5),
(263, 185, 28),
(264, 185, 12),
(265, 190, 28),
(266, 190, 6),
(267, 192, 23),
(268, 192, 5),
(269, 193, 28),
(270, 193, 5),
(271, 195, 31),
(272, 195, 5),
(273, 196, 35),
(274, 196, 5),
(275, 197, 36),
(276, 197, 5),
(277, 198, 27),
(278, 198, 10),
(279, 199, 36),
(280, 199, 9),
(281, 200, 23),
(282, 200, 12),
(283, 205, 38),
(284, 205, 5),
(285, 207, 28),
(286, 207, 5),
(287, 208, 28),
(288, 208, 5),
(289, 209, 35),
(290, 209, 5),
(291, 211, 27),
(292, 211, 5),
(293, 212, 26),
(294, 212, 5),
(295, 213, 32),
(296, 213, 5),
(297, 214, 36),
(298, 214, 5),
(299, 216, 36),
(300, 216, 6),
(301, 217, 36),
(302, 217, 7),
(303, 218, 23),
(304, 218, 6),
(305, 219, 23),
(306, 219, 12),
(307, 222, 36),
(308, 222, 7),
(309, 223, 32),
(310, 223, 5),
(311, 224, 28),
(312, 224, 6),
(313, 245, 36),
(314, 245, 5),
(315, 249, 27),
(316, 249, 6),
(317, 250, 36),
(318, 250, 6),
(319, 251, 41),
(320, 251, 12),
(321, 252, 31),
(322, 252, 19),
(323, 255, 36),
(324, 255, 5),
(325, 256, 32),
(326, 256, 5),
(327, 257, 27),
(328, 257, 6),
(329, 258, 27),
(330, 258, 12),
(331, 259, 35),
(332, 259, 5),
(333, 174, 36),
(334, 174, 5),
(335, 28, 36),
(336, 28, 5),
(337, 260, 0),
(338, 260, 5),
(339, 261, 23),
(340, 261, 5),
(341, 262, 23),
(342, 262, 5),
(343, 263, 23),
(344, 263, 5),
(345, 264, 23),
(346, 264, 5),
(347, 265, 23),
(348, 265, 5),
(349, 266, 23),
(350, 266, 5),
(351, 267, 23),
(352, 267, 5),
(353, 268, 23),
(354, 268, 5),
(355, 269, 23),
(356, 269, 5),
(357, 270, 23),
(358, 270, 5),
(359, 271, 23),
(360, 271, 5),
(361, 272, 23),
(362, 272, 5),
(363, 273, 23),
(364, 273, 5),
(365, 274, 23),
(366, 274, 5),
(367, 275, 23),
(368, 275, 5),
(369, 276, 23),
(370, 276, 5),
(371, 277, 23),
(372, 277, 5),
(373, 278, 23),
(374, 278, 5),
(375, 279, 23),
(376, 279, 5),
(377, 280, 23),
(378, 280, 5),
(379, 281, 23),
(380, 281, 5),
(381, 282, 23),
(382, 282, 5),
(383, 283, 23),
(384, 283, 5),
(385, 284, 23),
(386, 284, 5),
(387, 285, 23),
(388, 285, 5),
(389, 286, 23),
(390, 286, 5),
(391, 287, 23),
(392, 287, 5),
(393, 288, 23),
(394, 288, 5),
(395, 289, 23),
(396, 289, 5),
(397, 290, 23),
(398, 290, 5),
(399, 291, 23),
(400, 291, 5),
(401, 292, 23),
(402, 292, 5),
(403, 293, 36),
(404, 293, 6),
(405, 294, 36),
(406, 294, 6),
(407, 295, 36),
(408, 295, 6),
(409, 296, 23),
(410, 296, 6),
(411, 297, 24),
(412, 297, 6),
(413, 298, 27),
(414, 298, 5),
(415, 299, 33),
(416, 299, 5),
(417, 300, 23),
(418, 300, 5),
(419, 301, 26),
(420, 301, 12),
(421, 302, 36),
(422, 302, 5),
(423, 303, 35),
(424, 303, 5),
(425, 304, 40),
(426, 304, 5),
(427, 305, 26),
(428, 305, 5),
(429, 306, 36),
(430, 306, 18),
(431, 307, 36),
(432, 307, 6),
(433, 308, 36),
(434, 308, 6),
(435, 309, 36),
(436, 309, 6),
(437, 310, 25),
(438, 310, 5),
(439, 311, 27),
(440, 311, 5),
(441, 312, 27),
(442, 312, 5),
(443, 313, 27),
(444, 313, 5),
(445, 314, 32),
(446, 314, 5),
(447, 315, 32),
(448, 315, 5),
(449, 316, 32),
(450, 316, 5),
(451, 317, 35),
(452, 317, 6),
(453, 318, 36),
(454, 318, 12),
(455, 319, 36),
(456, 319, 12),
(457, 320, 36),
(458, 320, 5),
(459, 321, 36),
(460, 321, 5),
(461, 322, 36),
(462, 322, 5),
(463, 323, 36),
(464, 323, 5),
(465, 324, 36),
(466, 324, 5),
(467, 325, 23),
(468, 325, 5),
(469, 326, 36),
(470, 326, 5),
(471, 327, 36),
(472, 327, 5),
(473, 328, 36),
(474, 328, 5);

-- --------------------------------------------------------

--
-- Table structure for table `trx_usaha_produk`
--

CREATE TABLE `trx_usaha_produk` (
  `id` int(11) NOT NULL,
  `usaha` int(11) NOT NULL,
  `produk` varchar(120) NOT NULL
) ENGINE=InnoDB DEFAULT CHARSET=latin1;

--
-- Dumping data for table `trx_usaha_produk`
--

INSERT INTO `trx_usaha_produk` (`id`, `usaha`, `produk`) VALUES
(1, 4, 'Rumah_Bunga_Rina_Dinding.jpg'),
(2, 4, 'Rumah_Bunga_Rina_Meja.jpg'),
(3, 4, 'Rumah_Bunga_Rina_Wisuda.jpg'),
(4, 12, 'Pengembangan_web_dan_aplikasi.jpg'),
(5, 24, 'Goodel_Good_Delivery.png'),
(6, 150, 'Madani_Global_Media.jpg'),
(7, 199, 'Shiramo_Studio_Satu.png'),
(8, 199, 'Shiramo_Studio_Dua.png'),
(9, 199, 'Shiramo_Studio_Tiga.png'),
(10, 198, 'CV_AR_Interior_Satu.jpg'),
(11, 198, 'CV_AR_Interior_Dua.jpg'),
(12, 198, 'CV_AR_Interior_Tiga.jpg'),
(13, 117, 'RK_Creator.jpg'),
(14, 185, 'Indigoo_Print_Baturagung.jpg'),
(15, 200, 'Abi_Multimedia.jpeg'),
(16, 3, 'Batik_Srikandi.jpg'),
(17, 22, 'Evelynshop_Satu.png'),
(18, 22, 'Evelynshop_Dua.png'),
(19, 27, 'Aksesoris_Prodistro_Ikat_Pinggang.jpg'),
(20, 27, 'Aksesoris_Prodistro_Dompet.jpg'),
(21, 85, 'Karuna_Collection_Celana.jpg'),
(22, 85, 'Karuna_Collection_Daster.jpg'),
(23, 85, 'Karuna_Collection_BabyDoll.jpg'),
(24, 94, 'Penjahit_Kartini_Blouse.jpg'),
(25, 94, 'Penjahit_Kartini_Kemeja.jpg'),
(26, 95, 'Tari_Collection.jpeg'),
(27, 116, 'Lovya_Baby_Outfit_Baju.jpg'),
(28, 116, 'Lovya_Baby_Outfit_BabyDoll.jpg'),
(29, 129, 'Purudhita_Batik_Satu.jpg'),
(30, 129, 'Purudhita_Batik_Dua.jpg'),
(31, 142, 'Froggrease_Pomade_dan_Pakaian_Fashion.jpg'),
(32, 142, 'Pomade_dan_Pakaian_Pomade.jpg'),
(33, 149, 'In_Konfeksi.jpg'),
(34, 151, 'Linda_Batik_dan_spr_Satu .jpg'),
(35, 151, 'Linda_Batik_dan_spr_Dua .jpg'),
(36, 159, 'Wynstelle.jpg'),
(37, 163, 'Aron_Bstr_Store._Hoddie.jpeg'),
(38, 163, 'Aron_Bstr_Store._Kaos.jpeg'),
(39, 2, 'CV._Sabdha_Langit_Indonesia_FilmSatu.jpg'),
(40, 2, 'CV._Sabdha_Langit_Indonesia_FilmDua.jpg'),
(41, 2, 'CV._Sabdha_Langit_Indonesia_FilmTiga.jpg'),
(42, 43, 'Sevenproject.jpg'),
(43, 36, 'Hehe_Project.jpg'),
(44, 39, 'MA_Photography.jpg'),
(45, 108, 'Tinonisme_Photo.png'),
(46, 108, 'Tinonisme_Art.png'),
(47, 121, 'Saksi_Mata.jpeg'),
(48, 5, 'Republik_Seni_Satu.jpg'),
(49, 5, 'Republik_Seni_Dua.jpg'),
(50, 16, 'KILG_Management.jpg'),
(51, 178, 'Adycom.JPG'),
(52, 15, 'HarwenaArt_Satu.JPG'),
(53, 15, 'HarwenaArt_Dua.jpg'),
(54, 15, 'HarwenaArt_Tiga.JPG'),
(55, 161, 'Lukisan_Eko_Suparyanto_Obama.jpg'),
(56, 161, 'Lukisan_Eko_Suparyanto_Orang.jpg'),
(57, 171, 'Muhamad_Subandiyo.jpg'),
(58, 173, 'Mido_Malandu_Satu.jpg'),
(59, 173, 'Mido_Malandu_Dua.jpg'),
(60, 7, 'Wartas.jpg'),
(61, 8, 'Eyank_Cyantiq.jpg'),
(62, 10, 'Kebab_Ahmat_Suryadi.png'),
(63, 13, 'Seblak_dan_Tahu_ Telor_Ziyya.jpg'),
(64, 14, 'JJ_SNACK_KueKering.jpg'),
(65, 14, 'JJ_SNACK_KueBasah.jpg'),
(66, 17, 'Keripik_Kanji_(Citruk).jpg'),
(67, 18, 'Hobby_Bakso.jpg'),
(68, 21, 'Dapur_Enjo.JPG'),
(69, 29, 'Susu_Segar_M26.jpg'),
(70, 41, 'Rumah_Roti_Al_Hikmah_Kue.jpg'),
(71, 41, 'Rumah_Roti_Al_Hikmah_Nasi.jpg'),
(72, 42, 'Ersha.jpg'),
(73, 45, 'Omah_Roti.jpg'),
(74, 48, 'Rengginang_Echo.jpg'),
(75, 50, 'Dua_Putra_Keripik_Pisang.jpg'),
(76, 50, 'Dua_Putra_Kue_Kering.jpg'),
(77, 51, 'Mbahe_Wedang_Uwuh.jpg'),
(78, 53, 'Telur_Asin_3Bintang.jpg'),
(79, 54, 'Limin_Snack_Satu.jpg'),
(80, 54, 'Limin_Snack_Dua.jpg'),
(81, 55, 'Hapzz_Donuts_Satu.jpg'),
(82, 55, 'Hapzz_Donuts_Dua.jpg'),
(83, 57, 'Azza_Snack_dan_Catering.png'),
(84, 60, 'Dapur_Oktavia.jpg'),
(85, 62, 'Nasi_Jagung_Instan.jpg'),
(86, 68, 'Pisang_kiukk_Novita.jpg'),
(87, 67, 'Criping_Pisang_Mahkota_Raja.jpg'),
(88, 69, 'C_n_C_Delight.jpg'),
(89, 70, 'Kerupuk_Sayuran_ Cevy_Satu.jpg'),
(90, 70, 'Kerupuk_Sayuran_ Cevy_Dua.jpg'),
(91, 71, 'KUB_Maju_Jaya.jpg'),
(92, 72, 'Dapur_Rieda_Snack.jpeg'),
(93, 72, 'Dapur_Rieda_Nasi.jpeg'),
(94, 73, 'Candy_Soup.jpg'),
(95, 74, 'Brambang_Goreng_Mak_Nurul.jpg'),
(96, 76, 'Aneka_Snack_Dewi_Sri.jpg'),
(97, 78, 'Keripik_Pisang_Agung_Karya.jpg'),
(98, 81, 'Purun_Kopi.jpg'),
(99, 82, 'Brambang_Goreng_UMMI.jpg'),
(100, 83, 'Kripik_Pare_uppks_Barokah.jpg'),
(101, 86, 'Hj_Hendang_Katering.jpg'),
(102, 87, 'Keripik_Tempe_Berkah_Mulia.jpg'),
(103, 88, 'Onde-Onde_Ketawa.jpg'),
(104, 89, 'Raja_Stick.jpeg'),
(105, 91, 'Sale_Pisang_Aroma_Rasa.jpeg'),
(106, 92, 'Kusuma_Snack.jpg'),
(107, 96, 'Indah_Rasa.jpg'),
(108, 105, 'Keripik_Singkong.jpg'),
(109, 106, 'Molu_Coffee.jpeg'),
(110, 109, 'Cheesy_Picks.jpg'),
(111, 113, 'Tempe_Kripik_Ziffa.jpg'),
(112, 114, 'Mi_Tek_Tek.JPG'),
(113, 115, 'Teh_Daun_Tin_Gafin.jpg'),
(114, 119, 'Keripik_Belut_Dua_Saudara.jpg'),
(115, 120, 'Azzahra_Cake_and_Cookies.jpg'),
(116, 122, 'Roti_Valentin.jpg'),
(117, 123, 'Sinok_Cuisine.jpg'),
(118, 124, 'Bastia_Snack.jpg'),
(119, 127, 'Janaka_Kopi.jpeg'),
(120, 130, 'Telur_Asap_Opera_Bleduk_Kuwu.jpg'),
(121, 131, 'Diiseduh_Kopi.jpg'),
(122, 133, 'Ayam_Geprek_Kapten.jpg'),
(123, 134, 'Pizza_dan_Bollen_Kapten.jpg'),
(124, 139, 'Lala_Snack_Ringan.jpeg'),
(125, 139, 'Lala_Snack_Berat.jpeg'),
(126, 158, 'Mentari_Snack_Kue.jpg'),
(127, 158, 'Mentari_Snack_Ringan.jpg'),
(128, 162, 'Pisang_Aroma_Putri_Tunggal.jpg'),
(129, 165, 'Bolu_Barokah.jpg'),
(130, 165, 'Kue_Barokah.jpg'),
(131, 166, 'Jasella.jpg'),
(132, 169, 'Sale_Pisang_Diva_Rasa.jpg'),
(133, 170, 'Roti_Semprong_PDS.jpg'),
(134, 179, 'Aneka_Snack_Mekar_Abadi_Emping.jpg'),
(135, 179, 'Aneka_Snack_Mekar_Abadi_Sukun.jpg'),
(136, 180, 'Yu_Cebretz_Snack_Kue.jpg'),
(137, 180, 'Yu_Cebretz_Snack.jpg'),
(138, 182, 'Zahrani_Cake_Cookies_Satu.jpg'),
(139, 182, 'Zahrani_Cake_Cookies_Dua.jpg'),
(140, 183, 'Mahlenns_Cake _and_Bakery_Donat.jpg'),
(141, 183, 'Mahlenns_Cake _and_Bakery_Kue.jpg'),
(142, 184, 'Kripik_Violita.jpg'),
(143, 192, 'Abi_Coffee.jpeg'),
(144, 193, 'Bunda_Alfa.jpg'),
(145, 195, 'N3_Entry_Chicken.jpg'),
(146, 196, 'Nugget_Buninglor.jpg'),
(147, 197, 'Abon_Ayam_Kelompok_Usaha_Mandiri.jpg'),
(148, 205, 'Krupuk_Gendar.jpeg'),
(149, 207, 'Keripik_Shovy.jpg'),
(150, 208, 'Kopi_Lelet_Tiga_Arjuna.jpg'),
(151, 209, 'Mama_Vie.jpg'),
(152, 6, 'Batik_Sekartaji.jpeg'),
(153, 9, 'Kerajinan_Akar_Bambu.jpg'),
(154, 26, 'We_Em_Rajut.jpg'),
(155, 47, 'Batik_Tulis_Aldifa_Satu.png'),
(156, 47, 'Batik_Tulis_Aldifa_Dua.jpg'),
(157, 52, 'Pusat_Kerajinan_Babe_Satu.jpg'),
(158, 52, 'Pusat_Kerajinan_Babe_Dua.jpg'),
(159, 59, 'Rokhim_LED_Satu.jpg'),
(160, 59, 'Rokhim_LED_Dua.jpg'),
(161, 65, 'Rajut_Kriiyaqu_Sepatu.jpeg'),
(162, 65, 'Rajut_Kriiyaqu_Kunciran.jpeg'),
(163, 80, 'Handycraf.jpg'),
(164, 84, 'Bambu_D_Saputra.jpg'),
(165, 90, 'Batik_Dewi.jpg'),
(166, 98, 'Percetakan_Sticker_Cutting_Satu.jpg'),
(167, 98, 'Percetakan_Sticker_Cutting_Dua.jpg'),
(168, 118, 'BA_Craft.jpeg'),
(169, 125, 'Erlika_Batik.png'),
(170, 128, 'Roemah_Keenan_Bunga.jpg'),
(171, 128, 'Roemah_Keenan_Bingkai.jpg'),
(172, 132, 'Cappy_Craft_Bantal.jpg'),
(173, 132, 'Cappy_Craft_Tas.jpg'),
(174, 136, 'Bonggol_Mania_Satu.jpg'),
(175, 136, 'Bonggol_Mania_Dua.jpg'),
(176, 137, 'Roemah_Rajut_RnB_Craft.jpg'),
(177, 141, 'Pengrajin_Pelepah_Pisangan_Muda_ Karya.jpg'),
(178, 143, 'Konveksi_Tas.jpg'),
(179, 144, 'Ahza_Kaligrafi.jpg'),
(180, 144, 'Ahza_Kaligrafi.jpg'),
(181, 156, 'Tata_Craft.jpg'),
(182, 160, 'Anyaman_Bambu.jpg'),
(183, 164, 'Alghozaly_Furniture.jpg'),
(184, 167, 'Kelompok_Batik_Penadaran_Satu.jpg'),
(185, 167, 'Kelompok_Batik_Penadaran_Dua.jpg'),
(186, 177, 'Kosukosu_Craft.jpg'),
(187, 181, 'Rengganis_Craft.jpg'),
(188, 190, 'HandyCraft_Jaya_Lestari_Keris.jpg'),
(189, 190, 'HandyCraft_Jaya_Lestari_Piring.jpg'),
(190, 211, 'Dapur_Mentari.jpg'),
(191, 212, 'Kopi_Bubuk_Ndeso.jpg'),
(192, 213, 'Aneka_Bolu_dan_Kue_Tart_Barokah_Bu_Dul_Kue.jpg'),
(193, 213, 'Aneka_Bolu_dan_Kue_Tart_Barokah_Bu_Dul_Bolu.jpg'),
(194, 214, 'Donat_Salju_Purwodadi.jpg'),
(195, 216, 'Batik_Tulis_Melati_Putih.jpg'),
(196, 217, 'An_Store_Baju.jpg'),
(197, 218, 'Al_Barokah_Kaligrafi.jpg'),
(198, 34, 'Jasuke_Kangen_Roso.jpg'),
(199, 40, 'Kue_Mangkok_Srikandi_Kue.jpg'),
(200, 40, 'Kue_Mangkok_Srikandi_Sambel_Pecel.jpg'),
(201, 219, 'Amri_Sablon_dan_Konveksi_Sablon.jpg'),
(202, 219, 'Amri_Sablon_dan_Konveksi_Undangan.jpg'),
(203, 222, 'RGA_Independent.jpg'),
(204, 223, 'Aneka_Kripik_WS.jpg'),
(205, 11, 'Abemeyanta_Jati_Belanda_Pembatas.jpg'),
(206, 11, 'Abemeyanta_Jati_Belanda_Background.jpg'),
(207, 38, 'Potography_Saiful.jpg'),
(208, 67, 'Criping_Pisang_Mahkota_Raja.jpg'),
(209, 83, 'Kripik_Pare_uppks_Barokah.jpg'),
(210, 85, 'Batik_Tulis_Suci_Nafsiatun.jpg'),
(211, 224, 'Kayu_Kapas_Meja_Makan.jpg'),
(212, 224, 'Kayu_Kapas_Lemari_Hias.jpeg'),
(213, 249, 'Batik_Tulis_Seroja.jpg'),
(214, 250, 'Mebel_Jati_Belanda.jpg'),
(215, 251, 'Kodok_Ijo_Production_Undangan.JPG'),
(216, 251, 'Kodok_Ijo_Production_Kaos.jpg'),
(217, 251, 'Kodok_Ijo_Production_Sablon.jpg'),
(218, 252, 'Kendaichi_Art_Couple.jpeg'),
(219, 252, 'Kendaichi_Art_Lukis.jpeg'),
(220, 252, 'Kendaichi_Art_Mahar.jpeg'),
(221, 255, 'Oishii.jpg'),
(222, 256, 'Mosi_Minuman.png'),
(223, 256, 'Mosi_Kopi.png'),
(224, 256, 'Mosi_Souvenir.jpg'),
(225, 256, 'Mosi_Burger.jpg'),
(226, 257, 'Kerajinan_Bubut_Kayu.jpg'),
(227, 258, 'BJX_satu.jpg'),
(228, 258, 'BJX_dua.jpg'),
(229, 259, 'Jajankure_Snacksatu.jpg'),
(230, 259, 'Jajankure_Snackdua.jpg'),
(231, 174, 'Joliebites.png'),
(232, 28, 'Syakila_Kue.jpg'),
(233, 28, 'Syakila_Donat.jpg'),
(234, 262, 'Screenshot_2021-08-31_at_08-21-56_Online_Mall_Blibli_com,_Se'),
(235, 263, 'Screenshot_2021-08-31_at_08-21-29_Online_Mall_Blibli_com,_Sensasi_Belanja_Online_Shop_ala_Mall.png'),
(236, 264, 'Screenshot_2021-08-31_at_08-21-29_Online_Mall_Blibli_com,_Sensasi_Belanja_Online_Shop_ala_Mall1.png'),
(237, 274, 'Screenshot_2021-08-31_at_08-21-29_Online_Mall_Blibli_com,_Sensasi_Belanja_Online_Shop_ala_Mall.png'),
(238, 275, 'Screenshot_2021-08-31_at_08-24-07_?_Samudera_33_Ikan_Layur_Fresh_1_Kg_Terbaru_Agustus_2021_harga_murah_-_kualitas_terjam'),
(239, 276, 'Screenshot_2021-08-31_at_08-24-07_?_Samudera_33_Ikan_Layur_Fresh_1_Kg_Terbaru_Agustus_2021_harga_murah_-_kualitas_terjam'),
(240, 277, 'BABY-BUNCIS-1024x1024.jpg'),
(241, 278, 'BABY-BUNCIS-1024x1024.jpg'),
(242, 279, 'BABY-BUNCIS-1024x1024.jpg'),
(243, 280, 'BABY-BUNCIS-1024x1024.jpg'),
(244, 281, 'DAU-SINGKONG.jpg'),
(245, 282, 'DAU-SINGKONG.jpg'),
(246, 283, 'DAU-SINGKONG.jpg'),
(247, 284, 'DAU-SINGKONG.jpg'),
(248, 285, 'DAU-SINGKONG.jpg'),
(249, 286, 'BAYAM-PETIK.jpg'),
(250, 287, 'BABY-BUNCIS-1024x1024.jpg'),
(251, 288, 'BABY-BUNCIS-1024x1024.jpg'),
(252, 289, 'BABY-BUNCIS-1024x1024.jpg'),
(253, 290, 'BABY-BUNCIS-1024x1024.jpg'),
(254, 291, 'BABY-BUNCIS-1024x1024.jpg'),
(255, 292, 'BABY-BUNCIS-1024x1024.jpg'),
(256, 292, 'BAYAM-PETIK.jpg'),
(257, 292, 'BAYEM-2.jpg'),
(258, 293, 'WhatsApp_Image_2021-08-19_at_14_15_54.jpeg'),
(259, 293, 'WhatsApp_Image_2021-08-19_at_21_38_15.jpeg'),
(260, 293, 'WhatsApp_Image_2021-08-19_at_22_06_48.jpeg'),
(261, 293, 'WhatsApp_Image_2021-08-19_at_22_21_53.jpeg'),
(262, 293, 'WhatsApp_Image_2021-08-19_at_22_31_10.jpeg'),
(263, 293, 'WhatsApp_Image_2021-08-20_at_05_17_59.jpeg'),
(264, 293, 'WhatsApp_Image_2021-08-20_at_06_32_37.jpeg'),
(265, 293, 'WhatsApp_Image_2021-08-20_at_07_34_07.jpeg'),
(266, 294, 'CIMG0124.JPG'),
(267, 294, 'CIMG0125.JPG'),
(268, 296, 'CIMG0123.JPG'),
(269, 296, 'CIMG0124.JPG'),
(270, 296, 'CIMG0125.JPG'),
(271, 297, 'BABY-BUNCIS-1024x1024.jpg'),
(272, 297, 'BAYAM-PETIK.jpg'),
(273, 297, 'BAYEM-2.jpg'),
(274, 297, 'BROKOLI.jpg'),
(275, 303, 'Kanza_Eggroll.jpg'),
(276, 304, 'Keripik_Tempe_Berkah_Mulia.jpg'),
(277, 298, 'Kopi_Kedut_1.jpg'),
(278, 298, 'Kopi_Kedut_2.jpg'),
(279, 299, 'Mete_Gunung_1.jpg'),
(280, 299, 'Mete_Gunung_2.jpg'),
(281, 306, 'Sanggar_Tari_Gandhes_Luwes.jpg'),
(282, 302, 'Seger_Ancless.jpg'),
(283, 300, 'Tiwul_Sultan_1.jpg'),
(284, 300, 'Tiwul_Sultan_2.jpg'),
(285, 305, 'UMKM_Hidayat_Jati_Research_Center.jpg'),
(286, 301, 'TKTM_Bantal1.jpeg'),
(287, 301, 'TKTM_Bantal2.jpeg'),
(288, 301, 'TKTM_Bantal3.jpeg'),
(289, 310, 'IMG-20211007-WA0028.jpg'),
(290, 315, 'IMG_20200424_113415_HDR.jpg'),
(291, 317, 'BUNGA-1.jpg'),
(292, 318, 'IMG_20190207_190721_301.jpg'),
(293, 318, 'IMG_20190217_160755_816.jpg'),
(294, 319, 'IMG_20190207_190721_301.jpg'),
(295, 319, 'IMG_20190217_160755_816.jpg'),
(296, 320, 'Ayam_Geprek_Sengit.jpg'),
(297, 321, 'Ayam_Geprek_Sengit.jpg'),
(298, 322, 'Ayam_Geprek_Sengit.jpg'),
(299, 323, 'Ayam_Geprek_Sengit.jpg'),
(300, 324, 'Ayam_Geprek_Sengit.jpg'),
(301, 325, 'b_php.jpg'),
(302, 326, 'b_php.jpg');

-- --------------------------------------------------------

--
-- Table structure for table `users`
--

CREATE TABLE `users` (
  `id` int(11) NOT NULL,
  `uname` varchar(20) NOT NULL,
  `real_name` varchar(40) NOT NULL,
  `password` varchar(100) NOT NULL
) ENGINE=InnoDB DEFAULT CHARSET=latin1;

--
-- Dumping data for table `users`
--

INSERT INTO `users` (`id`, `uname`, `real_name`, `password`) VALUES
(1, 'adminbappeda', 'Admin Bappeda', ''),
(2, 'urbae', 'irgareza@gmail.com', 'urbae'),
(3, 'puenak', 'puenak@gmail.com', 'buanter'),
(4, 'sam', 'sam@gmail.com', 'sam'),
(5, 'test', 'Nama Admin', '098f6bcd4621d373cade4e832627b4f6'),
(6, 'coba', 'coba', 'c3ec0f7b054e729c5a716c8125839829');

--
-- Indexes for dumped tables
--

--
-- Indexes for table `kritik`
--
ALTER TABLE `kritik`
  ADD PRIMARY KEY (`id`);

--
-- Indexes for table `meta_grup`
--
ALTER TABLE `meta_grup`
  ADD PRIMARY KEY (`id`);

--
-- Indexes for table `meta_grup_sub`
--
ALTER TABLE `meta_grup_sub`
  ADD PRIMARY KEY (`id`);

--
-- Indexes for table `post`
--
ALTER TABLE `post`
  ADD PRIMARY KEY (`id`);

--
-- Indexes for table `trx_usaha`
--
ALTER TABLE `trx_usaha`
  ADD PRIMARY KEY (`id`);

--
-- Indexes for table `trx_usaha_map`
--
ALTER TABLE `trx_usaha_map`
  ADD PRIMARY KEY (`id`),
  ADD KEY `id_grup` (`id_grup`),
  ADD KEY `id_usaha` (`id_usaha`);

--
-- Indexes for table `trx_usaha_produk`
--
ALTER TABLE `trx_usaha_produk`
  ADD PRIMARY KEY (`id`);

--
-- Indexes for table `users`
--
ALTER TABLE `users`
  ADD PRIMARY KEY (`id`);

--
-- AUTO_INCREMENT for dumped tables
--

--
-- AUTO_INCREMENT for table `kritik`
--
ALTER TABLE `kritik`
  MODIFY `id` int(11) NOT NULL AUTO_INCREMENT;

--
-- AUTO_INCREMENT for table `meta_grup`
--
ALTER TABLE `meta_grup`
  MODIFY `id` int(11) NOT NULL AUTO_INCREMENT, AUTO_INCREMENT=6;

--
-- AUTO_INCREMENT for table `meta_grup_sub`
--
ALTER TABLE `meta_grup_sub`
  MODIFY `id` int(11) NOT NULL AUTO_INCREMENT, AUTO_INCREMENT=42;

--
-- AUTO_INCREMENT for table `post`
--
ALTER TABLE `post`
  MODIFY `id` int(11) NOT NULL AUTO_INCREMENT, AUTO_INCREMENT=23;

--
-- AUTO_INCREMENT for table `trx_usaha`
--
ALTER TABLE `trx_usaha`
  MODIFY `id` int(11) NOT NULL AUTO_INCREMENT, AUTO_INCREMENT=329;

--
-- AUTO_INCREMENT for table `trx_usaha_map`
--
ALTER TABLE `trx_usaha_map`
  MODIFY `id` int(11) NOT NULL AUTO_INCREMENT, AUTO_INCREMENT=475;

--
-- AUTO_INCREMENT for table `trx_usaha_produk`
--
ALTER TABLE `trx_usaha_produk`
  MODIFY `id` int(11) NOT NULL AUTO_INCREMENT, AUTO_INCREMENT=303;

--
-- AUTO_INCREMENT for table `users`
--
ALTER TABLE `users`
  MODIFY `id` int(11) NOT NULL AUTO_INCREMENT, AUTO_INCREMENT=7;
COMMIT;

/*!40101 SET CHARACTER_SET_CLIENT=@OLD_CHARACTER_SET_CLIENT */;
/*!40101 SET CHARACTER_SET_RESULTS=@OLD_CHARACTER_SET_RESULTS */;
/*!40101 SET COLLATION_CONNECTION=@OLD_COLLATION_CONNECTION */;
